seq_id,ct10_id,geoid,logrecno,acs_year,gini,gini_me
8869,25001010100,14000US25001010100,910,2012-16,0.5224,0.04
8870,25001010206,14000US25001010206,911,2012-16,0.4782,0.09
8871,25001010208,14000US25001010208,912,2012-16,0.3865,0.06
8872,25001010304,14000US25001010304,913,2012-16,0.4316,0.08
8873,25001010306,14000US25001010306,914,2012-16,0.4241,0.08
8874,25001010400,14000US25001010400,915,2012-16,0.4406,0.04
8875,25001010500,14000US25001010500,916,2012-16,0.5079,0.06
8876,25001010600,14000US25001010600,917,2012-16,0.4894,0.06
8877,25001010700,14000US25001010700,918,2012-16,0.6119,0.1
8878,25001010800,14000US25001010800,919,2012-16,0.448,0.03
8879,25001010900,14000US25001010900,920,2012-16,0.4765,0.08
8880,25001011002,14000US25001011002,921,2012-16,0.4681,0.05
8881,25001011100,14000US25001011100,922,2012-16,0.4499,0.09
8882,25001011200,14000US25001011200,923,2012-16,0.4729,0.09
8883,25001011300,14000US25001011300,924,2012-16,0.4583,0.04
8884,25001011400,14000US25001011400,925,2012-16,0.4854,0.1
8885,25001011500,14000US25001011500,926,2012-16,0.43,0.04
8886,25001011600,14000US25001011600,927,2012-16,0.4175,0.04
8887,25001011700,14000US25001011700,928,2012-16,0.5036,0.05
8888,25001011801,14000US25001011801,929,2012-16,0.4417,0.04
8889,25001011802,14000US25001011802,930,2012-16,0.4362,0.08
8890,25001012001,14000US25001012001,931,2012-16,0.3817,0.04
8891,25001012002,14000US25001012002,932,2012-16,0.4529,0.05
8892,25001012101,14000US25001012101,933,2012-16,0.361,0.04
8893,25001012102,14000US25001012102,934,2012-16,0.4122,0.04
8894,25001012200,14000US25001012200,935,2012-16,0.4803,0.06
8895,25001012502,14000US25001012502,936,2012-16,0.4559,0.06
8896,25001012601,14000US25001012601,937,2012-16,0.4059,0.05
8897,25001012602,14000US25001012602,938,2012-16,0.4241,0.05
8898,25001012700,14000US25001012700,939,2012-16,0.4117,0.05
8899,25001012800,14000US25001012800,940,2012-16,0.4294,0.05
8900,25001012900,14000US25001012900,941,2012-16,0.3417,0.03
8901,25001013002,14000US25001013002,942,2012-16,0.5989,0.06
8902,25001013100,14000US25001013100,943,2012-16,0.3789,0.05
8903,25001013200,14000US25001013200,944,2012-16,0.4948,0.07
8904,25001013300,14000US25001013300,945,2012-16,0.4623,0.04
8905,25001013400,14000US25001013400,946,2012-16,0.4425,0.06
8906,25001013500,14000US25001013500,947,2012-16,0.3332,0.03
8907,25001013600,14000US25001013600,948,2012-16,0.3799,0.05
8908,25001013700,14000US25001013700,949,2012-16,0.4626,0.09
8909,25001013800,14000US25001013800,950,2012-16,0.4042,0.04
8910,25001013900,14000US25001013900,951,2012-16,0.4146,0.05
8911,25001014002,14000US25001014002,952,2012-16,0.429,0.06
8912,25001014100,14000US25001014100,953,2012-16,0.2958,0.05
8913,25001014300,14000US25001014300,954,2012-16,0.458,0.06
8914,25001014402,14000US25001014402,955,2012-16,0.4142,0.05
8915,25001014500,14000US25001014500,956,2012-16,0.3949,0.04
8916,25001014600,14000US25001014600,957,2012-16,0.4053,0.04
8917,25001014700,14000US25001014700,958,2012-16,0.4316,0.05
8918,25001014800,14000US25001014800,959,2012-16,0.5773,0.07
8919,25001014900,14000US25001014900,960,2012-16,0.5634,0.09
8920,25001015001,14000US25001015001,961,2012-16,0.4097,0.04
8921,25001015002,14000US25001015002,962,2012-16,0.3663,0.03
8922,25001015100,14000US25001015100,963,2012-16,0.4383,0.05
8923,25001015200,14000US25001015200,964,2012-16,0.4774,0.05
8924,25001015300,14000US25001015300,965,2012-16,0.454,0.05
8925,25001990000,14000US25001990000,966,2012-16,0,0
8926,25003900100,14000US25003900100,967,2012-16,0.4326,0.05
8927,25003900200,14000US25003900200,968,2012-16,0.3993,0.03
8928,25003900300,14000US25003900300,969,2012-16,0.4444,0.08
8929,25003900400,14000US25003900400,970,2012-16,0.4247,0.04
8930,25003900500,14000US25003900500,971,2012-16,0.4757,0.06
8931,25003900600,14000US25003900600,972,2012-16,0.4694,0.04
8932,25003900700,14000US25003900700,973,2012-16,0.4202,0.03
8933,25003900800,14000US25003900800,974,2012-16,0.3757,0.04
8934,25003900900,14000US25003900900,975,2012-16,0.3982,0.05
8935,25003901100,14000US25003901100,976,2012-16,0.4144,0.04
8936,25003911100,14000US25003911100,977,2012-16,0.3671,0.05
8937,25003912100,14000US25003912100,978,2012-16,0.4428,0.05
8938,25003913100,14000US25003913100,979,2012-16,0.5219,0.05
8939,25003914100,14000US25003914100,980,2012-16,0.4451,0.05
8940,25003920101,14000US25003920101,981,2012-16,0.4297,0.03
8941,25003920102,14000US25003920102,982,2012-16,0.4779,0.05
8942,25003921300,14000US25003921300,983,2012-16,0.5441,0.06
8943,25003921400,14000US25003921400,984,2012-16,0.3983,0.05
8944,25003921500,14000US25003921500,985,2012-16,0.4125,0.04
8945,25003922100,14000US25003922100,986,2012-16,0.4091,0.05
8946,25003922200,14000US25003922200,987,2012-16,0.3516,0.03
8947,25003922300,14000US25003922300,988,2012-16,0.3921,0.03
8948,25003923100,14000US25003923100,989,2012-16,0.4106,0.06
8949,25003924100,14000US25003924100,990,2012-16,0.5652,0.05
8950,25003925100,14000US25003925100,991,2012-16,0.4446,0.04
8951,25003926100,14000US25003926100,992,2012-16,0.4268,0.04
8952,25003931100,14000US25003931100,993,2012-16,0.4046,0.06
8953,25003931300,14000US25003931300,994,2012-16,0.3983,0.03
8954,25003931400,14000US25003931400,995,2012-16,0.3845,0.03
8955,25003932200,14000US25003932200,996,2012-16,0.3915,0.03
8956,25003932300,14000US25003932300,997,2012-16,0.3932,0.04
8957,25003933200,14000US25003933200,998,2012-16,0.4934,0.05
8958,25003933300,14000US25003933300,999,2012-16,0.4636,0.05
8959,25003933400,14000US25003933400,1000,2012-16,0.4082,0.03
8960,25003934200,14000US25003934200,1001,2012-16,0.4497,0.05
8961,25003934300,14000US25003934300,1002,2012-16,0.4779,0.04
8962,25003935100,14000US25003935100,1003,2012-16,0.5014,0.05
8963,25003935200,14000US25003935200,1004,2012-16,0.413,0.03
8964,25003935300,14000US25003935300,1005,2012-16,0.4552,0.04
8965,25005600100,14000US25005600100,1006,2012-16,0.4036,0.03
8966,25005600202,14000US25005600202,1007,2012-16,0.3753,0.03
8967,25005600203,14000US25005600203,1008,2012-16,0.3648,0.03
8968,25005600204,14000US25005600204,1009,2012-16,0.4329,0.07
8969,25005610100,14000US25005610100,1010,2012-16,0.3249,0.04
8970,25005610202,14000US25005610202,1011,2012-16,0.3551,0.03
8971,25005610203,14000US25005610203,1012,2012-16,0.3835,0.05
8972,25005610204,14000US25005610204,1013,2012-16,0.4546,0.08
8973,25005611101,14000US25005611101,1014,2012-16,0.3716,0.03
8974,25005611102,14000US25005611102,1015,2012-16,0.4384,0.04
8975,25005611201,14000US25005611201,1016,2012-16,0.3379,0.04
8976,25005611202,14000US25005611202,1017,2012-16,0.3425,0.03
8977,25005612100,14000US25005612100,1018,2012-16,0.3855,0.04
8978,25005612200,14000US25005612200,1019,2012-16,0.387,0.03
8979,25005613100,14000US25005613100,1020,2012-16,0.3747,0.04
8980,25005613300,14000US25005613300,1021,2012-16,0.386,0.03
8981,25005613400,14000US25005613400,1022,2012-16,0.3818,0.03
8982,25005613600,14000US25005613600,1023,2012-16,0.4085,0.04
8983,25005613700,14000US25005613700,1024,2012-16,0.4226,0.05
8984,25005613800,14000US25005613800,1025,2012-16,0.4108,0.04
8985,25005613901,14000US25005613901,1026,2012-16,0.4531,0.05
8986,25005613902,14000US25005613902,1027,2012-16,0.3924,0.04
8987,25005614000,14000US25005614000,1028,2012-16,0.4614,0.04
8988,25005614101,14000US25005614101,1029,2012-16,0.4126,0.04
8989,25005614102,14000US25005614102,1030,2012-16,0.3761,0.07
8990,25005615100,14000US25005615100,1031,2012-16,0.361,0.03
8991,25005616100,14000US25005616100,1032,2012-16,0.3751,0.04
8992,25005617101,14000US25005617101,1033,2012-16,0.3522,0.03
8993,25005617102,14000US25005617102,1034,2012-16,0.3709,0.05
8994,25005630101,14000US25005630101,1035,2012-16,0.3834,0.04
8995,25005630102,14000US25005630102,1036,2012-16,0.3644,0.03
8996,25005630200,14000US25005630200,1037,2012-16,0.3531,0.03
8997,25005630300,14000US25005630300,1038,2012-16,0.4303,0.05
8998,25005630400,14000US25005630400,1039,2012-16,0.461,0.07
8999,25005631100,14000US25005631100,1040,2012-16,0.4097,0.03
9000,25005631200,14000US25005631200,1041,2012-16,0.3948,0.05
9001,25005631300,14000US25005631300,1042,2012-16,0.3843,0.04
9002,25005631400,14000US25005631400,1043,2012-16,0.4669,0.05
9003,25005631500,14000US25005631500,1044,2012-16,0.4032,0.06
9004,25005631600,14000US25005631600,1045,2012-16,0.3816,0.04
9005,25005631700,14000US25005631700,1046,2012-16,0.3848,0.04
9006,25005631800,14000US25005631800,1047,2012-16,0.4363,0.03
9007,25005632100,14000US25005632100,1048,2012-16,0.3794,0.05
9008,25005632200,14000US25005632200,1049,2012-16,0.3949,0.04
9009,25005633100,14000US25005633100,1050,2012-16,0.4464,0.05
9010,25005633200,14000US25005633200,1051,2012-16,0.3227,0.04
9011,25005640100,14000US25005640100,1052,2012-16,0.4342,0.06
9012,25005640200,14000US25005640200,1053,2012-16,0.4689,0.03
9013,25005640300,14000US25005640300,1054,2012-16,0.4534,0.04
9014,25005640400,14000US25005640400,1055,2012-16,0.4656,0.06
9015,25005640500,14000US25005640500,1056,2012-16,0.482,0.09
9016,25005640600,14000US25005640600,1057,2012-16,0.4211,0.04
9017,25005640700,14000US25005640700,1058,2012-16,0.422,0.05
9018,25005640800,14000US25005640800,1059,2012-16,0.4824,0.05
9019,25005640901,14000US25005640901,1060,2012-16,0.5131,0.06
9020,25005641000,14000US25005641000,1061,2012-16,0.4359,0.04
9021,25005641101,14000US25005641101,1062,2012-16,0.3735,0.05
9022,25005641200,14000US25005641200,1063,2012-16,0.4391,0.04
9023,25005641300,14000US25005641300,1064,2012-16,0.4289,0.04
9024,25005641400,14000US25005641400,1065,2012-16,0.4419,0.05
9025,25005641500,14000US25005641500,1066,2012-16,0.4007,0.05
9026,25005641600,14000US25005641600,1067,2012-16,0.428,0.05
9027,25005641700,14000US25005641700,1068,2012-16,0.3786,0.04
9028,25005641800,14000US25005641800,1069,2012-16,0.3803,0.04
9029,25005641900,14000US25005641900,1070,2012-16,0.4116,0.05
9030,25005642000,14000US25005642000,1071,2012-16,0.4502,0.05
9031,25005642100,14000US25005642100,1072,2012-16,0.4077,0.04
9032,25005642200,14000US25005642200,1073,2012-16,0.427,0.04
9033,25005642300,14000US25005642300,1074,2012-16,0.3883,0.04
9034,25005642400,14000US25005642400,1075,2012-16,0.3851,0.03
9035,25005642500,14000US25005642500,1076,2012-16,0.3894,0.03
9036,25005644101,14000US25005644101,1077,2012-16,0.3472,0.04
9037,25005644102,14000US25005644102,1078,2012-16,0.3985,0.05
9038,25005644200,14000US25005644200,1079,2012-16,0.411,0.04
9039,25005645101,14000US25005645101,1080,2012-16,0.4172,0.07
9040,25005645102,14000US25005645102,1081,2012-16,0.3967,0.05
9041,25005645103,14000US25005645103,1082,2012-16,0.3278,0.03
9042,25005646101,14000US25005646101,1083,2012-16,0.4145,0.07
9043,25005646103,14000US25005646103,1084,2012-16,0.3741,0.05
9044,25005646104,14000US25005646104,1085,2012-16,0.4125,0.05
9045,25005650101,14000US25005650101,1086,2012-16,0.3346,0.03
9046,25005650102,14000US25005650102,1087,2012-16,0.4064,0.03
9047,25005650201,14000US25005650201,1088,2012-16,0.4246,0.05
9048,25005650202,14000US25005650202,1089,2012-16,0.3812,0.04
9049,25005650300,14000US25005650300,1090,2012-16,0.3935,0.04
9050,25005650400,14000US25005650400,1091,2012-16,0.4159,0.05
9051,25005650500,14000US25005650500,1092,2012-16,0.435,0.05
9052,25005650600,14000US25005650600,1093,2012-16,0.4437,0.06
9053,25005650700,14000US25005650700,1094,2012-16,0.4417,0.04
9054,25005650800,14000US25005650800,1095,2012-16,0.4342,0.05
9055,25005650900,14000US25005650900,1096,2012-16,0.5025,0.06
9056,25005651001,14000US25005651001,1097,2012-16,0.4591,0.03
9057,25005651002,14000US25005651002,1098,2012-16,0.4616,0.06
9058,25005651100,14000US25005651100,1099,2012-16,0.468,0.05
9059,25005651200,14000US25005651200,1100,2012-16,0.4401,0.04
9060,25005651300,14000US25005651300,1101,2012-16,0.4913,0.04
9061,25005651400,14000US25005651400,1102,2012-16,0.5056,0.09
9062,25005651500,14000US25005651500,1103,2012-16,0.3582,0.04
9063,25005651600,14000US25005651600,1104,2012-16,0.4414,0.08
9064,25005651700,14000US25005651700,1105,2012-16,0.5842,0.11
9065,25005651800,14000US25005651800,1106,2012-16,0.5283,0.06
9066,25005651900,14000US25005651900,1107,2012-16,0.4097,0.04
9067,25005652000,14000US25005652000,1108,2012-16,0.4045,0.05
9068,25005652100,14000US25005652100,1109,2012-16,0.4335,0.05
9069,25005652200,14000US25005652200,1110,2012-16,0.3359,0.04
9070,25005652300,14000US25005652300,1111,2012-16,0.4396,0.05
9071,25005652400,14000US25005652400,1112,2012-16,0.4144,0.04
9072,25005652500,14000US25005652500,1113,2012-16,0.4494,0.05
9073,25005652600,14000US25005652600,1114,2012-16,0.4174,0.06
9074,25005652700,14000US25005652700,1115,2012-16,0.5305,0.08
9075,25005652800,14000US25005652800,1116,2012-16,0.38,0.04
9076,25005653101,14000US25005653101,1117,2012-16,0.443,0.05
9077,25005653102,14000US25005653102,1118,2012-16,0.3616,0.04
9078,25005653203,14000US25005653203,1119,2012-16,0.4992,0.11
9079,25005653204,14000US25005653204,1120,2012-16,0.4474,0.08
9080,25005653301,14000US25005653301,1121,2012-16,0.5384,0.06
9081,25005653304,14000US25005653304,1122,2012-16,0.4887,0.07
9082,25005654100,14000US25005654100,1123,2012-16,0.3734,0.04
9083,25005654200,14000US25005654200,1124,2012-16,0.3755,0.03
9084,25005655100,14000US25005655100,1125,2012-16,0.3924,0.06
9085,25005655200,14000US25005655200,1126,2012-16,0.4529,0.03
9086,25005655300,14000US25005655300,1127,2012-16,0.4895,0.04
9087,25005655400,14000US25005655400,1128,2012-16,0.3669,0.03
9088,25005985500,14000US25005985500,1129,2012-16,0.3474,0.04
9089,25005985600,14000US25005985600,1130,2012-16,0.3967,0.05
9090,25005990000,14000US25005990000,1131,2012-16,0,0
9091,25007200100,14000US25007200100,1132,2012-16,0.5303,0.07
9092,25007200200,14000US25007200200,1133,2012-16,0.4586,0.07
9093,25007200300,14000US25007200300,1134,2012-16,0.59,0.09
9094,25007200400,14000US25007200400,1135,2012-16,0.4866,0.05
9095,25007990000,14000US25007990000,1136,2012-16,0,0
9096,25009201100,14000US25009201100,1137,2012-16,0.4819,0.06
9097,25009202101,14000US25009202101,1138,2012-16,0.38,0.03
9098,25009202102,14000US25009202102,1139,2012-16,0.4266,0.03
9099,25009202200,14000US25009202200,1140,2012-16,0.484,0.04
9100,25009203100,14000US25009203100,1141,2012-16,0.4367,0.05
9101,25009203200,14000US25009203200,1142,2012-16,0.5357,0.04
9102,25009203301,14000US25009203301,1143,2012-16,0.5019,0.04
9103,25009203302,14000US25009203302,1144,2012-16,0.5084,0.04
9104,25009204101,14000US25009204101,1145,2012-16,0.4441,0.05
9105,25009204102,14000US25009204102,1146,2012-16,0.3785,0.03
9106,25009204200,14000US25009204200,1147,2012-16,0.491,0.04
9107,25009204300,14000US25009204300,1148,2012-16,0.4908,0.04
9108,25009204400,14000US25009204400,1149,2012-16,0.4267,0.05
9109,25009204500,14000US25009204500,1150,2012-16,0.4291,0.09
9110,25009204600,14000US25009204600,1151,2012-16,0.4374,0.05
9111,25009204701,14000US25009204701,1152,2012-16,0.466,0.06
9112,25009204702,14000US25009204702,1153,2012-16,0.4213,0.06
9113,25009205100,14000US25009205100,1154,2012-16,0.3391,0.04
9114,25009205200,14000US25009205200,1155,2012-16,0.4991,0.11
9115,25009205300,14000US25009205300,1156,2012-16,0.3376,0.04
9116,25009205400,14000US25009205400,1157,2012-16,0.3196,0.03
9117,25009205500,14000US25009205500,1158,2012-16,0.3982,0.06
9118,25009205600,14000US25009205600,1159,2012-16,0.5217,0.06
9119,25009205700,14000US25009205700,1160,2012-16,0.3861,0.04
9120,25009205800,14000US25009205800,1161,2012-16,0.4269,0.04
9121,25009205900,14000US25009205900,1162,2012-16,0.4361,0.1
9122,25009206000,14000US25009206000,1163,2012-16,0.3811,0.05
9123,25009206100,14000US25009206100,1164,2012-16,0.4991,0.04
9124,25009206200,14000US25009206200,1165,2012-16,0.4746,0.04
9125,25009206300,14000US25009206300,1166,2012-16,0.4267,0.06
9126,25009206400,14000US25009206400,1167,2012-16,0.428,0.06
9127,25009206500,14000US25009206500,1168,2012-16,0.4613,0.04
9128,25009206600,14000US25009206600,1169,2012-16,0.4771,0.03
9129,25009206700,14000US25009206700,1170,2012-16,0.5117,0.04
9130,25009206800,14000US25009206800,1171,2012-16,0.58,0.08
9131,25009206900,14000US25009206900,1172,2012-16,0.4685,0.03
9132,25009207000,14000US25009207000,1173,2012-16,0.4835,0.06
9133,25009207100,14000US25009207100,1174,2012-16,0.3948,0.04
9134,25009207200,14000US25009207200,1175,2012-16,0.515,0.05
9135,25009208101,14000US25009208101,1176,2012-16,0.3562,0.04
9136,25009208102,14000US25009208102,1177,2012-16,0.3619,0.05
9137,25009208200,14000US25009208200,1178,2012-16,0.4341,0.05
9138,25009208300,14000US25009208300,1179,2012-16,0.4057,0.04
9139,25009208400,14000US25009208400,1180,2012-16,0.3758,0.04
9140,25009209100,14000US25009209100,1181,2012-16,0.4166,0.04
9141,25009209200,14000US25009209200,1182,2012-16,0.4106,0.04
9142,25009210100,14000US25009210100,1183,2012-16,0.4064,0.04
9143,25009210200,14000US25009210200,1184,2012-16,0.3833,0.03
9144,25009210300,14000US25009210300,1185,2012-16,0.4529,0.03
9145,25009210400,14000US25009210400,1186,2012-16,0.4514,0.09
9146,25009210500,14000US25009210500,1187,2012-16,0.3383,0.03
9147,25009210600,14000US25009210600,1188,2012-16,0.4057,0.04
9148,25009210700,14000US25009210700,1189,2012-16,0.4438,0.04
9149,25009210800,14000US25009210800,1190,2012-16,0.4302,0.04
9150,25009210900,14000US25009210900,1191,2012-16,0.4571,0.06
9151,25009211100,14000US25009211100,1192,2012-16,0.4552,0.04
9152,25009211200,14000US25009211200,1193,2012-16,0.3882,0.03
9153,25009211300,14000US25009211300,1194,2012-16,0.3916,0.04
9154,25009211401,14000US25009211401,1195,2012-16,0.449,0.05
9155,25009211402,14000US25009211402,1196,2012-16,0.4,0.05
9156,25009212100,14000US25009212100,1197,2012-16,0.4595,0.06
9157,25009213100,14000US25009213100,1198,2012-16,0.4024,0.05
9158,25009214100,14000US25009214100,1199,2012-16,0.3878,0.04
9159,25009215101,14000US25009215101,1200,2012-16,0.435,0.04
9160,25009215102,14000US25009215102,1201,2012-16,0.4167,0.06
9161,25009216100,14000US25009216100,1202,2012-16,0.5063,0.05
9162,25009217100,14000US25009217100,1203,2012-16,0.4874,0.05
9163,25009217201,14000US25009217201,1204,2012-16,0.4246,0.04
9164,25009217202,14000US25009217202,1205,2012-16,0.4089,0.06
9165,25009217300,14000US25009217300,1206,2012-16,0.428,0.04
9166,25009217400,14000US25009217400,1207,2012-16,0.4212,0.05
9167,25009217500,14000US25009217500,1208,2012-16,0.4521,0.05
9168,25009217600,14000US25009217600,1209,2012-16,0.5687,0.06
9169,25009218100,14000US25009218100,1210,2012-16,0.5352,0.05
9170,25009220101,14000US25009220101,1211,2012-16,0.5358,0.07
9171,25009220102,14000US25009220102,1212,2012-16,0.3959,0.04
9172,25009221100,14000US25009221100,1213,2012-16,0.5165,0.06
9173,25009221300,14000US25009221300,1214,2012-16,0.4965,0.07
9174,25009221400,14000US25009221400,1215,2012-16,0.4087,0.05
9175,25009221500,14000US25009221500,1216,2012-16,0.4381,0.04
9176,25009221600,14000US25009221600,1217,2012-16,0.4502,0.04
9177,25009221700,14000US25009221700,1218,2012-16,0.4297,0.06
9178,25009221800,14000US25009221800,1219,2012-16,0.437,0.04
9179,25009221901,14000US25009221901,1220,2012-16,0.475,0.08
9180,25009221902,14000US25009221902,1221,2012-16,0.4225,0.04
9181,25009222100,14000US25009222100,1222,2012-16,0.4513,0.04
9182,25009223100,14000US25009223100,1223,2012-16,0.5205,0.05
9183,25009223200,14000US25009223200,1224,2012-16,0.4887,0.04
9184,25009223300,14000US25009223300,1225,2012-16,0.4127,0.03
9185,25009250100,14000US25009250100,1226,2012-16,0.6034,0.09
9186,25009250200,14000US25009250200,1227,2012-16,0.4551,0.05
9187,25009250300,14000US25009250300,1228,2012-16,0.4049,0.07
9188,25009250400,14000US25009250400,1229,2012-16,0.4553,0.03
9189,25009250500,14000US25009250500,1230,2012-16,0.4134,0.04
9190,25009250600,14000US25009250600,1231,2012-16,0.402,0.05
9191,25009250700,14000US25009250700,1232,2012-16,0.452,0.04
9192,25009250800,14000US25009250800,1233,2012-16,0.4286,0.06
9193,25009250900,14000US25009250900,1234,2012-16,0.4871,0.04
9194,25009251000,14000US25009251000,1235,2012-16,0.5161,0.14
9195,25009251100,14000US25009251100,1236,2012-16,0.474,0.06
9196,25009251200,14000US25009251200,1237,2012-16,0.5516,0.05
9197,25009251300,14000US25009251300,1238,2012-16,0.4248,0.04
9198,25009251400,14000US25009251400,1239,2012-16,0.423,0.05
9199,25009251500,14000US25009251500,1240,2012-16,0.4213,0.04
9200,25009251600,14000US25009251600,1241,2012-16,0.4079,0.03
9201,25009251700,14000US25009251700,1242,2012-16,0.4403,0.04
9202,25009251800,14000US25009251800,1243,2012-16,0.3943,0.04
9203,25009252101,14000US25009252101,1244,2012-16,0.3299,0.03
9204,25009252102,14000US25009252102,1245,2012-16,0.3741,0.04
9205,25009252201,14000US25009252201,1246,2012-16,0.4185,0.04
9206,25009252202,14000US25009252202,1247,2012-16,0.3477,0.05
9207,25009252300,14000US25009252300,1248,2012-16,0.45,0.04
9208,25009252400,14000US25009252400,1249,2012-16,0.4438,0.05
9209,25009252501,14000US25009252501,1250,2012-16,0.3637,0.04
9210,25009252502,14000US25009252502,1251,2012-16,0.4161,0.05
9211,25009252601,14000US25009252601,1252,2012-16,0.3876,0.03
9212,25009252602,14000US25009252602,1253,2012-16,0.3709,0.03
9213,25009252603,14000US25009252603,1254,2012-16,0.373,0.05
9214,25009253100,14000US25009253100,1255,2012-16,0.3871,0.04
9215,25009253201,14000US25009253201,1256,2012-16,0.4646,0.07
9216,25009253202,14000US25009253202,1257,2012-16,0.4219,0.04
9217,25009253203,14000US25009253203,1258,2012-16,0.4619,0.04
9218,25009253204,14000US25009253204,1259,2012-16,0.3457,0.04
9219,25009253205,14000US25009253205,1260,2012-16,0.375,0.04
9220,25009254100,14000US25009254100,1261,2012-16,0.4439,0.03
9221,25009254200,14000US25009254200,1262,2012-16,0.5193,0.04
9222,25009254301,14000US25009254301,1263,2012-16,0.3899,0.05
9223,25009254302,14000US25009254302,1264,2012-16,0.4012,0.04
9224,25009254401,14000US25009254401,1265,2012-16,0.4115,0.06
9225,25009254402,14000US25009254402,1266,2012-16,0.403,0.05
9226,25009254403,14000US25009254403,1267,2012-16,0.4388,0.06
9227,25009260100,14000US25009260100,1268,2012-16,0.4557,0.05
9228,25009260200,14000US25009260200,1269,2012-16,0.492,0.05
9229,25009260301,14000US25009260301,1270,2012-16,0.4375,0.05
9230,25009260302,14000US25009260302,1271,2012-16,0.3777,0.06
9231,25009260401,14000US25009260401,1272,2012-16,0.3557,0.03
9232,25009260402,14000US25009260402,1273,2012-16,0.3455,0.04
9233,25009260500,14000US25009260500,1274,2012-16,0.4216,0.06
9234,25009260600,14000US25009260600,1275,2012-16,0.4155,0.07
9235,25009260700,14000US25009260700,1276,2012-16,0.4391,0.04
9236,25009260800,14000US25009260800,1277,2012-16,0.498,0.05
9237,25009260900,14000US25009260900,1278,2012-16,0.4462,0.04
9238,25009261000,14000US25009261000,1279,2012-16,0.3756,0.04
9239,25009261101,14000US25009261101,1280,2012-16,0.3628,0.04
9240,25009261102,14000US25009261102,1281,2012-16,0.3623,0.04
9241,25009262100,14000US25009262100,1282,2012-16,0.4058,0.04
9242,25009263100,14000US25009263100,1283,2012-16,0.4189,0.05
9243,25009264100,14000US25009264100,1284,2012-16,0.4167,0.04
9244,25009265101,14000US25009265101,1285,2012-16,0.4129,0.05
9245,25009265102,14000US25009265102,1286,2012-16,0.3392,0.04
9246,25009266100,14000US25009266100,1287,2012-16,0.3743,0.03
9247,25009266200,14000US25009266200,1288,2012-16,0.3683,0.04
9248,25009266300,14000US25009266300,1289,2012-16,0.3384,0.03
9249,25009266400,14000US25009266400,1290,2012-16,0.4015,0.04
9250,25009267101,14000US25009267101,1291,2012-16,0.4258,0.04
9251,25009267102,14000US25009267102,1292,2012-16,0.3971,0.04
9252,25009268100,14000US25009268100,1293,2012-16,0.3105,0.02
9253,25009268200,14000US25009268200,1294,2012-16,0.5051,0.05
9254,25009268300,14000US25009268300,1295,2012-16,0.4562,0.04
9255,25009268400,14000US25009268400,1296,2012-16,0.4463,0.04
9256,25009269100,14000US25009269100,1297,2012-16,0.4087,0.05
9257,25009270100,14000US25009270100,1298,2012-16,0.4677,0.06
9258,25009990100,14000US25009990100,1299,2012-16,0,0
9259,25011040100,14000US25011040100,1300,2012-16,0.4354,0.03
9260,25011040200,14000US25011040200,1301,2012-16,0.3703,0.02
9261,25011040300,14000US25011040300,1302,2012-16,0.372,0.03
9262,25011040400,14000US25011040400,1303,2012-16,0.4016,0.04
9263,25011040501,14000US25011040501,1304,2012-16,0.4447,0.04
9264,25011040502,14000US25011040502,1305,2012-16,0.3992,0.02
9265,25011040600,14000US25011040600,1306,2012-16,0.4082,0.02
9266,25011040701,14000US25011040701,1307,2012-16,0.4755,0.06
9267,25011040702,14000US25011040702,1308,2012-16,0.4098,0.04
9268,25011040800,14000US25011040800,1309,2012-16,0.4689,0.08
9269,25011040900,14000US25011040900,1310,2012-16,0.4037,0.05
9270,25011041000,14000US25011041000,1311,2012-16,0.4549,0.08
9271,25011041100,14000US25011041100,1312,2012-16,0.4135,0.04
9272,25011041200,14000US25011041200,1313,2012-16,0.38,0.03
9273,25011041300,14000US25011041300,1314,2012-16,0.4379,0.08
9274,25011041400,14000US25011041400,1315,2012-16,0.4017,0.04
9275,25011041501,14000US25011041501,1316,2012-16,0.4053,0.03
9276,25011041502,14000US25011041502,1317,2012-16,0.5111,0.09
9277,25013800101,14000US25013800101,1318,2012-16,0.3866,0.03
9278,25013800102,14000US25013800102,1319,2012-16,0.4325,0.04
9279,25013800201,14000US25013800201,1320,2012-16,0.5016,0.06
9280,25013800202,14000US25013800202,1321,2012-16,0.4668,0.07
9281,25013800300,14000US25013800300,1322,2012-16,0.4475,0.08
9282,25013800400,14000US25013800400,1323,2012-16,0.4878,0.09
9283,25013800500,14000US25013800500,1324,2012-16,0.4753,0.04
9284,25013800600,14000US25013800600,1325,2012-16,0.4425,0.04
9285,25013800700,14000US25013800700,1326,2012-16,0.5234,0.05
9286,25013800800,14000US25013800800,1327,2012-16,0.4583,0.05
9287,25013800900,14000US25013800900,1328,2012-16,0.411,0.07
9288,25013801101,14000US25013801101,1329,2012-16,0.5397,0.07
9289,25013801102,14000US25013801102,1330,2012-16,0.5037,0.06
9290,25013801200,14000US25013801200,1331,2012-16,0.5415,0.05
9291,25013801300,14000US25013801300,1332,2012-16,0.5231,0.05
9292,25013801401,14000US25013801401,1333,2012-16,0.4742,0.04
9293,25013801402,14000US25013801402,1334,2012-16,0.3772,0.04
9294,25013801501,14000US25013801501,1335,2012-16,0.344,0.04
9295,25013801502,14000US25013801502,1336,2012-16,0.4622,0.03
9296,25013801503,14000US25013801503,1337,2012-16,0.4191,0.04
9297,25013801601,14000US25013801601,1338,2012-16,0.4161,0.03
9298,25013801602,14000US25013801602,1339,2012-16,0.4543,0.07
9299,25013801603,14000US25013801603,1340,2012-16,0.4045,0.05
9300,25013801604,14000US25013801604,1341,2012-16,0.3386,0.05
9301,25013801605,14000US25013801605,1342,2012-16,0.4561,0.04
9302,25013801700,14000US25013801700,1343,2012-16,0.4463,0.04
9303,25013801800,14000US25013801800,1344,2012-16,0.4579,0.06
9304,25013801901,14000US25013801901,1345,2012-16,0.4567,0.05
9305,25013801902,14000US25013801902,1346,2012-16,0.6522,0.1
9306,25013802000,14000US25013802000,1347,2012-16,0.4872,0.06
9307,25013802100,14000US25013802100,1348,2012-16,0.5328,0.05
9308,25013802200,14000US25013802200,1349,2012-16,0.4847,0.05
9309,25013802300,14000US25013802300,1350,2012-16,0.4602,0.05
9310,25013802400,14000US25013802400,1351,2012-16,0.3607,0.04
9311,25013802500,14000US25013802500,1352,2012-16,0.3553,0.03
9312,25013802601,14000US25013802601,1353,2012-16,0.3811,0.03
9313,25013802602,14000US25013802602,1354,2012-16,0.3918,0.04
9314,25013810100,14000US25013810100,1355,2012-16,0.4174,0.04
9315,25013810200,14000US25013810200,1356,2012-16,0.4211,0.05
9316,25013810300,14000US25013810300,1357,2012-16,0.4355,0.05
9317,25013810403,14000US25013810403,1358,2012-16,0.3889,0.04
9318,25013810404,14000US25013810404,1359,2012-16,0.4267,0.12
9319,25013810412,14000US25013810412,1360,2012-16,0.3757,0.03
9320,25013810414,14000US25013810414,1361,2012-16,0.4099,0.04
9321,25013810601,14000US25013810601,1362,2012-16,0.4539,0.1
9322,25013810602,14000US25013810602,1363,2012-16,0.3197,0.03
9323,25013810700,14000US25013810700,1364,2012-16,0.4993,0.12
9324,25013810800,14000US25013810800,1365,2012-16,0.4012,0.03
9325,25013810901,14000US25013810901,1366,2012-16,0.4335,0.04
9326,25013810902,14000US25013810902,1367,2012-16,0.3827,0.03
9327,25013811000,14000US25013811000,1368,2012-16,0.4209,0.04
9328,25013811101,14000US25013811101,1369,2012-16,0.4026,0.03
9329,25013811102,14000US25013811102,1370,2012-16,0.4332,0.04
9330,25013811200,14000US25013811200,1371,2012-16,0.3674,0.04
9331,25013811301,14000US25013811301,1372,2012-16,0.3894,0.04
9332,25013811302,14000US25013811302,1373,2012-16,0.3631,0.03
9333,25013811400,14000US25013811400,1374,2012-16,0.4775,0.04
9334,25013811500,14000US25013811500,1375,2012-16,0.3912,0.04
9335,25013811600,14000US25013811600,1376,2012-16,0.5058,0.04
9336,25013811700,14000US25013811700,1377,2012-16,0.5186,0.06
9337,25013811800,14000US25013811800,1378,2012-16,0.4845,0.07
9338,25013811900,14000US25013811900,1379,2012-16,0.4018,0.03
9339,25013812001,14000US25013812001,1380,2012-16,0.5294,0.07
9340,25013812002,14000US25013812002,1381,2012-16,0.4476,0.04
9341,25013812101,14000US25013812101,1382,2012-16,0.3098,0.04
9342,25013812103,14000US25013812103,1383,2012-16,0.4711,0.09
9343,25013812104,14000US25013812104,1384,2012-16,0.4121,0.04
9344,25013812201,14000US25013812201,1385,2012-16,0.4336,0.05
9345,25013812202,14000US25013812202,1386,2012-16,0.4136,0.05
9346,25013812300,14000US25013812300,1387,2012-16,0.4279,0.05
9347,25013812401,14000US25013812401,1388,2012-16,0.386,0.04
9348,25013812403,14000US25013812403,1389,2012-16,0.4681,0.08
9349,25013812404,14000US25013812404,1390,2012-16,0.3796,0.03
9350,25013812500,14000US25013812500,1391,2012-16,0.3961,0.03
9351,25013812600,14000US25013812600,1392,2012-16,0.3749,0.03
9352,25013812701,14000US25013812701,1393,2012-16,0.4102,0.03
9353,25013812702,14000US25013812702,1394,2012-16,0.3914,0.03
9354,25013812800,14000US25013812800,1395,2012-16,0.3891,0.03
9355,25013812901,14000US25013812901,1396,2012-16,0.3639,0.05
9356,25013812902,14000US25013812902,1397,2012-16,0.402,0.04
9357,25013812903,14000US25013812903,1398,2012-16,0.5089,0.16
9358,25013813000,14000US25013813000,1399,2012-16,0.3498,0.01
9359,25013813101,14000US25013813101,1400,2012-16,0.3986,0.05
9360,25013813102,14000US25013813102,1401,2012-16,0.4327,0.04
9361,25013813204,14000US25013813204,1402,2012-16,0.3677,0.03
9362,25013813205,14000US25013813205,1403,2012-16,0.3947,0.03
9363,25013813206,14000US25013813206,1404,2012-16,0.407,0.03
9364,25013813207,14000US25013813207,1405,2012-16,0.4706,0.05
9365,25013813208,14000US25013813208,1406,2012-16,0.3139,0.05
9366,25013813209,14000US25013813209,1407,2012-16,0.3907,0.03
9367,25013813301,14000US25013813301,1408,2012-16,0.4278,0.05
9368,25013813303,14000US25013813303,1409,2012-16,0.4886,0.04
9369,25013813304,14000US25013813304,1410,2012-16,0.462,0.07
9370,25013813401,14000US25013813401,1411,2012-16,0.388,0.04
9371,25013813403,14000US25013813403,1412,2012-16,0.4366,0.06
9372,25013813404,14000US25013813404,1413,2012-16,0.4093,0.03
9373,25013813500,14000US25013813500,1414,2012-16,0.4185,0.04
9374,25013813601,14000US25013813601,1415,2012-16,0.3982,0.03
9375,25013813602,14000US25013813602,1416,2012-16,0.3991,0.03
9376,25013813701,14000US25013813701,1417,2012-16,0.3964,0.04
9377,25013813702,14000US25013813702,1418,2012-16,0.3445,0.03
9378,25013813801,14000US25013813801,1419,2012-16,0.3836,0.02
9379,25013813802,14000US25013813802,1420,2012-16,0.412,0.03
9380,25015820101,14000US25015820101,1421,2012-16,0.4185,0.04
9381,25015820102,14000US25015820102,1422,2012-16,0.4127,0.04
9382,25015820202,14000US25015820202,1423,2012-16,0.4207,0.05
9383,25015820203,14000US25015820203,1424,2012-16,0.438,0.04
9384,25015820204,14000US25015820204,1425,2012-16,0.4081,0.06
9385,25015820300,14000US25015820300,1426,2012-16,0.5042,0.04
9386,25015820400,14000US25015820400,1427,2012-16,0.7989,0.1
9387,25015820500,14000US25015820500,1428,2012-16,0.571,0.05
9388,25015820600,14000US25015820600,1429,2012-16,0.2382,0.11
9389,25015820700,14000US25015820700,1430,2012-16,0.4906,0.04
9390,25015820801,14000US25015820801,1431,2012-16,0.5046,0.06
9391,25015820802,14000US25015820802,1432,2012-16,0,0
9392,25015820900,14000US25015820900,1433,2012-16,0.4097,0.08
9393,25015821000,14000US25015821000,1434,2012-16,0.3984,0.03
9394,25015821100,14000US25015821100,1435,2012-16,0.4219,0.04
9395,25015821200,14000US25015821200,1436,2012-16,0.272,0.08
9396,25015821300,14000US25015821300,1437,2012-16,0.4419,0.04
9397,25015821400,14000US25015821400,1438,2012-16,0.4712,0.06
9398,25015821500,14000US25015821500,1439,2012-16,0.3672,0.04
9399,25015821601,14000US25015821601,1440,2012-16,0.5509,0.09
9400,25015821602,14000US25015821602,1441,2012-16,0.4703,0.04
9401,25015821700,14000US25015821700,1442,2012-16,0.452,0.06
9402,25015821901,14000US25015821901,1443,2012-16,0.4708,0.05
9403,25015821903,14000US25015821903,1444,2012-16,0.5176,0.05
9404,25015821904,14000US25015821904,1445,2012-16,0.4587,0.06
9405,25015822000,14000US25015822000,1446,2012-16,0.4802,0.09
9406,25015822200,14000US25015822200,1447,2012-16,0.4633,0.07
9407,25015822300,14000US25015822300,1448,2012-16,0.387,0.04
9408,25015822401,14000US25015822401,1449,2012-16,0.4081,0.06
9409,25015822402,14000US25015822402,1450,2012-16,0.4543,0.1
9410,25015822500,14000US25015822500,1451,2012-16,0.4521,0.06
9411,25015822601,14000US25015822601,1452,2012-16,0.3594,0.05
9412,25015822603,14000US25015822603,1453,2012-16,0.3352,0.03
9413,25015822605,14000US25015822605,1454,2012-16,0.415,0.04
9414,25015822606,14000US25015822606,1455,2012-16,0.43,0.03
9415,25015822700,14000US25015822700,1456,2012-16,0.4057,0.03
9416,25017300100,14000US25017300100,1457,2012-16,0.3404,0.03
9417,25017301101,14000US25017301101,1458,2012-16,0.3861,0.04
9418,25017301102,14000US25017301102,1459,2012-16,0.405,0.05
9419,25017310100,14000US25017310100,1460,2012-16,0.5097,0.04
9420,25017310200,14000US25017310200,1461,2012-16,0.3791,0.04
9421,25017310300,14000US25017310300,1462,2012-16,0.4721,0.06
9422,25017310400,14000US25017310400,1463,2012-16,0.4923,0.06
9423,25017310500,14000US25017310500,1464,2012-16,0.4142,0.06
9424,25017310601,14000US25017310601,1465,2012-16,0.4059,0.04
9425,25017310602,14000US25017310602,1466,2012-16,0.4342,0.05
9426,25017310700,14000US25017310700,1467,2012-16,0.4615,0.05
9427,25017311100,14000US25017311100,1468,2012-16,0.4621,0.05
9428,25017311200,14000US25017311200,1469,2012-16,0.4326,0.05
9429,25017311300,14000US25017311300,1470,2012-16,0.4404,0.04
9430,25017311400,14000US25017311400,1471,2012-16,0.4089,0.04
9431,25017311500,14000US25017311500,1472,2012-16,0.4062,0.06
9432,25017311600,14000US25017311600,1473,2012-16,0.416,0.03
9433,25017311700,14000US25017311700,1474,2012-16,0.4456,0.1
9434,25017311800,14000US25017311800,1475,2012-16,0.4824,0.05
9435,25017311900,14000US25017311900,1476,2012-16,0.4718,0.04
9436,25017312000,14000US25017312000,1477,2012-16,0.392,0.05
9437,25017312100,14000US25017312100,1478,2012-16,0.4437,0.05
9438,25017312200,14000US25017312200,1479,2012-16,0.376,0.04
9439,25017312300,14000US25017312300,1480,2012-16,0.3857,0.06
9440,25017312400,14000US25017312400,1481,2012-16,0.4857,0.04
9441,25017312501,14000US25017312501,1482,2012-16,0.4746,0.06
9442,25017312502,14000US25017312502,1483,2012-16,0.4528,0.05
9443,25017313101,14000US25017313101,1484,2012-16,0.4126,0.04
9444,25017313102,14000US25017313102,1485,2012-16,0.364,0.06
9445,25017314101,14000US25017314101,1486,2012-16,0.3304,0.04
9446,25017314102,14000US25017314102,1487,2012-16,0.3687,0.03
9447,25017314200,14000US25017314200,1488,2012-16,0.4146,0.05
9448,25017314301,14000US25017314301,1489,2012-16,0.3765,0.03
9449,25017314302,14000US25017314302,1490,2012-16,0.3291,0.03
9450,25017315100,14000US25017315100,1491,2012-16,0.4221,0.06
9451,25017315200,14000US25017315200,1492,2012-16,0.3677,0.04
9452,25017315401,14000US25017315401,1493,2012-16,0.478,0.05
9453,25017315402,14000US25017315402,1494,2012-16,0.3396,0.03
9454,25017315403,14000US25017315403,1495,2012-16,0.3429,0.05
9455,25017315500,14000US25017315500,1496,2012-16,0.4069,0.05
9456,25017316101,14000US25017316101,1497,2012-16,0.3438,0.03
9457,25017316102,14000US25017316102,1498,2012-16,0.3935,0.08
9458,25017316201,14000US25017316201,1499,2012-16,0.3466,0.04
9459,25017316202,14000US25017316202,1500,2012-16,0.3018,0.04
9460,25017316300,14000US25017316300,1501,2012-16,0.4113,0.05
9461,25017316400,14000US25017316400,1502,2012-16,0.356,0.03
9462,25017316500,14000US25017316500,1503,2012-16,0.3448,0.04
9463,25017317101,14000US25017317101,1504,2012-16,0.4367,0.06
9464,25017317102,14000US25017317102,1505,2012-16,0.3693,0.03
9465,25017317103,14000US25017317103,1506,2012-16,0.338,0.03
9466,25017317201,14000US25017317201,1507,2012-16,0.3449,0.04
9467,25017317202,14000US25017317202,1508,2012-16,0.3627,0.05
9468,25017317203,14000US25017317203,1509,2012-16,0.4203,0.07
9469,25017317301,14000US25017317301,1510,2012-16,0.4089,0.04
9470,25017317302,14000US25017317302,1511,2012-16,0.4499,0.04
9471,25017318100,14000US25017318100,1512,2012-16,0.3552,0.03
9472,25017318200,14000US25017318200,1513,2012-16,0.3334,0.04
9473,25017318300,14000US25017318300,1514,2012-16,0.3548,0.04
9474,25017318400,14000US25017318400,1515,2012-16,0.4365,0.09
9475,25017320102,14000US25017320102,1516,2012-16,0.4119,0.04
9476,25017320103,14000US25017320103,1517,2012-16,0.4437,0.05
9477,25017320104,14000US25017320104,1518,2012-16,0.3809,0.04
9478,25017321100,14000US25017321100,1519,2012-16,0.4762,0.05
9479,25017321200,14000US25017321200,1520,2012-16,0.3976,0.04
9480,25017321300,14000US25017321300,1521,2012-16,0.432,0.04
9481,25017321400,14000US25017321400,1522,2012-16,0.3549,0.04
9482,25017321500,14000US25017321500,1523,2012-16,0.4065,0.04
9483,25017321600,14000US25017321600,1524,2012-16,0.4137,0.04
9484,25017322100,14000US25017322100,1525,2012-16,0.3777,0.04
9485,25017322200,14000US25017322200,1526,2012-16,0.3846,0.03
9486,25017322300,14000US25017322300,1527,2012-16,0.3986,0.03
9487,25017322400,14000US25017322400,1528,2012-16,0.3835,0.03
9488,25017323100,14000US25017323100,1529,2012-16,0.3953,0.05
9489,25017324101,14000US25017324101,1530,2012-16,0.4312,0.04
9490,25017324102,14000US25017324102,1531,2012-16,0.4169,0.04
9491,25017325100,14000US25017325100,1532,2012-16,0.3874,0.03
9492,25017326101,14000US25017326101,1533,2012-16,0.4189,0.05
9493,25017326102,14000US25017326102,1534,2012-16,0.3821,0.03
9494,25017327101,14000US25017327101,1535,2012-16,0.37,0.03
9495,25017327102,14000US25017327102,1536,2012-16,0.3997,0.1
9496,25017327103,14000US25017327103,1537,2012-16,0.4755,0.05
9497,25017328100,14000US25017328100,1538,2012-16,0.3802,0.04
9498,25017330100,14000US25017330100,1539,2012-16,0.3798,0.04
9499,25017330200,14000US25017330200,1540,2012-16,0.3885,0.04
9500,25017331101,14000US25017331101,1541,2012-16,0.3813,0.05
9501,25017331102,14000US25017331102,1542,2012-16,0.3623,0.05
9502,25017331200,14000US25017331200,1543,2012-16,0.3572,0.03
9503,25017331300,14000US25017331300,1544,2012-16,0.4178,0.05
9504,25017332100,14000US25017332100,1545,2012-16,0.3343,0.03
9505,25017332200,14000US25017332200,1546,2012-16,0.3943,0.03
9506,25017332300,14000US25017332300,1547,2012-16,0.4056,0.04
9507,25017332400,14000US25017332400,1548,2012-16,0.4768,0.05
9508,25017333100,14000US25017333100,1549,2012-16,0.3817,0.03
9509,25017333200,14000US25017333200,1550,2012-16,0.3715,0.03
9510,25017333300,14000US25017333300,1551,2012-16,0.3628,0.03
9511,25017333400,14000US25017333400,1552,2012-16,0.3933,0.06
9512,25017333501,14000US25017333501,1553,2012-16,0.3665,0.04
9513,25017333502,14000US25017333502,1554,2012-16,0.4126,0.04
9514,25017333600,14000US25017333600,1555,2012-16,0.3808,0.04
9515,25017334100,14000US25017334100,1556,2012-16,0.4249,0.06
9516,25017334200,14000US25017334200,1557,2012-16,0.3988,0.04
9517,25017334300,14000US25017334300,1558,2012-16,0.3878,0.05
9518,25017334400,14000US25017334400,1559,2012-16,0.4028,0.03
9519,25017335100,14000US25017335100,1560,2012-16,0.4169,0.04
9520,25017335200,14000US25017335200,1561,2012-16,0.4003,0.04
9521,25017335301,14000US25017335301,1562,2012-16,0.4107,0.04
9522,25017335302,14000US25017335302,1563,2012-16,0.3966,0.04
9523,25017335400,14000US25017335400,1564,2012-16,0.3594,0.03
9524,25017336100,14000US25017336100,1565,2012-16,0.4514,0.06
9525,25017336200,14000US25017336200,1566,2012-16,0.3844,0.04
9526,25017336300,14000US25017336300,1567,2012-16,0.3752,0.05
9527,25017336401,14000US25017336401,1568,2012-16,0.4697,0.06
9528,25017336402,14000US25017336402,1569,2012-16,0.4442,0.06
9529,25017337101,14000US25017337101,1570,2012-16,0.4603,0.04
9530,25017337102,14000US25017337102,1571,2012-16,0.4027,0.04
9531,25017337201,14000US25017337201,1572,2012-16,0.4041,0.03
9532,25017337202,14000US25017337202,1573,2012-16,0.4211,0.05
9533,25017337300,14000US25017337300,1574,2012-16,0.4003,0.04
9534,25017338100,14000US25017338100,1575,2012-16,0.4396,0.05
9535,25017338200,14000US25017338200,1576,2012-16,0.3733,0.04
9536,25017338300,14000US25017338300,1577,2012-16,0.516,0.04
9537,25017338400,14000US25017338400,1578,2012-16,0.4254,0.03
9538,25017338500,14000US25017338500,1579,2012-16,0.4788,0.04
9539,25017339100,14000US25017339100,1580,2012-16,0.5155,0.04
9540,25017339200,14000US25017339200,1581,2012-16,0.3271,0.03
9541,25017339300,14000US25017339300,1582,2012-16,0.4284,0.04
9542,25017339400,14000US25017339400,1583,2012-16,0.4856,0.05
9543,25017339500,14000US25017339500,1584,2012-16,0.413,0.04
9544,25017339600,14000US25017339600,1585,2012-16,0.3784,0.04
9545,25017339700,14000US25017339700,1586,2012-16,0.3936,0.04
9546,25017339801,14000US25017339801,1587,2012-16,0.4294,0.06
9547,25017339802,14000US25017339802,1588,2012-16,0.4925,0.05
9548,25017339900,14000US25017339900,1589,2012-16,0.4156,0.09
9549,25017340000,14000US25017340000,1590,2012-16,0.3992,0.06
9550,25017340100,14000US25017340100,1591,2012-16,0.4111,0.09
9551,25017341101,14000US25017341101,1592,2012-16,0.381,0.04
9552,25017341102,14000US25017341102,1593,2012-16,0.478,0.05
9553,25017341200,14000US25017341200,1594,2012-16,0.4921,0.06
9554,25017341300,14000US25017341300,1595,2012-16,0.5508,0.07
9555,25017341400,14000US25017341400,1596,2012-16,0.3901,0.04
9556,25017341500,14000US25017341500,1597,2012-16,0.3997,0.04
9557,25017341600,14000US25017341600,1598,2012-16,0.4446,0.04
9558,25017341700,14000US25017341700,1599,2012-16,0.4807,0.1
9559,25017341800,14000US25017341800,1600,2012-16,0.5117,0.07
9560,25017341901,14000US25017341901,1601,2012-16,0.3332,0.04
9561,25017341902,14000US25017341902,1602,2012-16,0.3896,0.04
9562,25017342101,14000US25017342101,1603,2012-16,0.4231,0.04
9563,25017342102,14000US25017342102,1604,2012-16,0.4727,0.05
9564,25017342201,14000US25017342201,1605,2012-16,0.3874,0.04
9565,25017342202,14000US25017342202,1606,2012-16,0.3472,0.04
9566,25017342300,14000US25017342300,1607,2012-16,0.3441,0.04
9567,25017342400,14000US25017342400,1608,2012-16,0.4207,0.04
9568,25017342500,14000US25017342500,1609,2012-16,0.4811,0.08
9569,25017342600,14000US25017342600,1610,2012-16,0.3944,0.03
9570,25017350103,14000US25017350103,1611,2012-16,0.3569,0.06
9571,25017350104,14000US25017350104,1612,2012-16,0.4628,0.04
9572,25017350200,14000US25017350200,1613,2012-16,0.3871,0.04
9573,25017350300,14000US25017350300,1614,2012-16,0.4137,0.06
9574,25017350400,14000US25017350400,1615,2012-16,0.3708,0.04
9575,25017350500,14000US25017350500,1616,2012-16,0.407,0.05
9576,25017350600,14000US25017350600,1617,2012-16,0.3661,0.04
9577,25017350700,14000US25017350700,1618,2012-16,0.48,0.03
9578,25017350800,14000US25017350800,1619,2012-16,0.4053,0.05
9579,25017350900,14000US25017350900,1620,2012-16,0.4354,0.06
9580,25017351000,14000US25017351000,1621,2012-16,0.3488,0.03
9581,25017351100,14000US25017351100,1622,2012-16,0.368,0.03
9582,25017351203,14000US25017351203,1623,2012-16,0.3904,0.04
9583,25017351204,14000US25017351204,1624,2012-16,0.4192,0.04
9584,25017351300,14000US25017351300,1625,2012-16,0.4218,0.06
9585,25017351403,14000US25017351403,1626,2012-16,0.4344,0.05
9586,25017351404,14000US25017351404,1627,2012-16,0.4296,0.04
9587,25017351500,14000US25017351500,1628,2012-16,0.4416,0.04
9588,25017352101,14000US25017352101,1629,2012-16,0.5201,0.05
9589,25017352102,14000US25017352102,1630,2012-16,0.4517,0.07
9590,25017352200,14000US25017352200,1631,2012-16,0.5626,0.06
9591,25017352300,14000US25017352300,1632,2012-16,0.5198,0.05
9592,25017352400,14000US25017352400,1633,2012-16,0.5182,0.04
9593,25017352500,14000US25017352500,1634,2012-16,0.4421,0.04
9594,25017352600,14000US25017352600,1635,2012-16,0.47,0.05
9595,25017352700,14000US25017352700,1636,2012-16,0.4904,0.04
9596,25017352800,14000US25017352800,1637,2012-16,0.3897,0.03
9597,25017352900,14000US25017352900,1638,2012-16,0.505,0.07
9598,25017353000,14000US25017353000,1639,2012-16,0.5493,0.05
9599,25017353101,14000US25017353101,1640,2012-16,0.4431,0.04
9600,25017353102,14000US25017353102,1641,2012-16,0.3313,0.07
9601,25017353200,14000US25017353200,1642,2012-16,0.4857,0.04
9602,25017353300,14000US25017353300,1643,2012-16,0.4903,0.04
9603,25017353400,14000US25017353400,1644,2012-16,0.4635,0.07
9604,25017353500,14000US25017353500,1645,2012-16,0.5451,0.13
9605,25017353600,14000US25017353600,1646,2012-16,0.4736,0.04
9606,25017353700,14000US25017353700,1647,2012-16,0.5174,0.04
9607,25017353800,14000US25017353800,1648,2012-16,0.4386,0.05
9608,25017353900,14000US25017353900,1649,2012-16,0.5427,0.04
9609,25017354000,14000US25017354000,1650,2012-16,0.5778,0.06
9610,25017354100,14000US25017354100,1651,2012-16,0.5524,0.08
9611,25017354200,14000US25017354200,1652,2012-16,0.5725,0.06
9612,25017354300,14000US25017354300,1653,2012-16,0.4576,0.04
9613,25017354400,14000US25017354400,1654,2012-16,0.4596,0.07
9614,25017354500,14000US25017354500,1655,2012-16,0.6261,0.08
9615,25017354600,14000US25017354600,1656,2012-16,0.515,0.07
9616,25017354700,14000US25017354700,1657,2012-16,0.4488,0.06
9617,25017354800,14000US25017354800,1658,2012-16,0.3782,0.04
9618,25017354900,14000US25017354900,1659,2012-16,0.5089,0.06
9619,25017355000,14000US25017355000,1660,2012-16,0.4411,0.04
9620,25017356100,14000US25017356100,1661,2012-16,0.4566,0.13
9621,25017356300,14000US25017356300,1662,2012-16,0.43,0.04
9622,25017356400,14000US25017356400,1663,2012-16,0.4165,0.04
9623,25017356500,14000US25017356500,1664,2012-16,0.4239,0.03
9624,25017356601,14000US25017356601,1665,2012-16,0.448,0.04
9625,25017356602,14000US25017356602,1666,2012-16,0.4283,0.04
9626,25017356701,14000US25017356701,1667,2012-16,0.4194,0.03
9627,25017356702,14000US25017356702,1668,2012-16,0.4174,0.03
9628,25017357100,14000US25017357100,1669,2012-16,0.4797,0.06
9629,25017357200,14000US25017357200,1670,2012-16,0.403,0.04
9630,25017357300,14000US25017357300,1671,2012-16,0.3481,0.04
9631,25017357400,14000US25017357400,1672,2012-16,0.4292,0.04
9632,25017357500,14000US25017357500,1673,2012-16,0.4043,0.04
9633,25017357600,14000US25017357600,1674,2012-16,0.4445,0.06
9634,25017357700,14000US25017357700,1675,2012-16,0.4924,0.05
9635,25017357800,14000US25017357800,1676,2012-16,0.5316,0.06
9636,25017358100,14000US25017358100,1677,2012-16,0.4604,0.04
9637,25017358300,14000US25017358300,1678,2012-16,0.4626,0.05
9638,25017358400,14000US25017358400,1679,2012-16,0.5077,0.03
9639,25017358500,14000US25017358500,1680,2012-16,0.4603,0.04
9640,25017358600,14000US25017358600,1681,2012-16,0.4194,0.05
9641,25017358700,14000US25017358700,1682,2012-16,0.4561,0.04
9642,25017359100,14000US25017359100,1683,2012-16,0.445,0.04
9643,25017359300,14000US25017359300,1684,2012-16,0.3848,0.04
9644,25017360100,14000US25017360100,1685,2012-16,0.3301,0.03
9645,25017360200,14000US25017360200,1686,2012-16,0.5251,0.05
9646,25017361100,14000US25017361100,1687,2012-16,0.5228,0.06
9647,25017361200,14000US25017361200,1688,2012-16,0.4496,0.04
9648,25017361300,14000US25017361300,1689,2012-16,0.4601,0.05
9649,25017362100,14000US25017362100,1690,2012-16,0.4708,0.04
9650,25017363102,14000US25017363102,1691,2012-16,0.4963,0.05
9651,25017363103,14000US25017363103,1692,2012-16,0.4462,0.05
9652,25017363104,14000US25017363104,1693,2012-16,0.3519,0.04
9653,25017363201,14000US25017363201,1694,2012-16,0.3893,0.05
9654,25017363202,14000US25017363202,1695,2012-16,0.3763,0.05
9655,25017364101,14000US25017364101,1696,2012-16,0.4953,0.05
9656,25017364102,14000US25017364102,1697,2012-16,0.4202,0.05
9657,25017365100,14000US25017365100,1698,2012-16,0.4517,0.06
9658,25017365201,14000US25017365201,1699,2012-16,0.4278,0.04
9659,25017365202,14000US25017365202,1700,2012-16,0.4911,0.04
9660,25017366100,14000US25017366100,1701,2012-16,0.4491,0.03
9661,25017366201,14000US25017366201,1702,2012-16,0.4409,0.04
9662,25017366202,14000US25017366202,1703,2012-16,0.4384,0.04
9663,25017367100,14000US25017367100,1704,2012-16,0.5116,0.08
9664,25017367200,14000US25017367200,1705,2012-16,0.5328,0.04
9665,25017368101,14000US25017368101,1706,2012-16,0.4199,0.08
9666,25017368102,14000US25017368102,1707,2012-16,0.3703,0.05
9667,25017368200,14000US25017368200,1708,2012-16,0.3905,0.04
9668,25017368300,14000US25017368300,1709,2012-16,0.4454,0.05
9669,25017368400,14000US25017368400,1710,2012-16,0.4156,0.05
9670,25017368500,14000US25017368500,1711,2012-16,0.4708,0.04
9671,25017368600,14000US25017368600,1712,2012-16,0.4125,0.05
9672,25017368700,14000US25017368700,1713,2012-16,0.3884,0.05
9673,25017368800,14000US25017368800,1714,2012-16,0.383,0.03
9674,25017368901,14000US25017368901,1715,2012-16,0.4304,0.04
9675,25017368902,14000US25017368902,1716,2012-16,0.418,0.03
9676,25017369000,14000US25017369000,1717,2012-16,0.3851,0.05
9677,25017369100,14000US25017369100,1718,2012-16,0.3775,0.03
9678,25017370101,14000US25017370101,1719,2012-16,0.4592,0.06
9679,25017370102,14000US25017370102,1720,2012-16,0.4109,0.04
9680,25017370201,14000US25017370201,1721,2012-16,0.3915,0.03
9681,25017370202,14000US25017370202,1722,2012-16,0.4034,0.03
9682,25017370300,14000US25017370300,1723,2012-16,0.3712,0.04
9683,25017370400,14000US25017370400,1724,2012-16,0.3645,0.03
9684,25017373100,14000US25017373100,1725,2012-16,0.452,0.03
9685,25017373200,14000US25017373200,1726,2012-16,0.4399,0.04
9686,25017373300,14000US25017373300,1727,2012-16,0.4879,0.05
9687,25017373400,14000US25017373400,1728,2012-16,0.4676,0.04
9688,25017373500,14000US25017373500,1729,2012-16,0.5188,0.03
9689,25017373600,14000US25017373600,1730,2012-16,0.5026,0.04
9690,25017373700,14000US25017373700,1731,2012-16,0.4493,0.04
9691,25017373800,14000US25017373800,1732,2012-16,0.4974,0.05
9692,25017373900,14000US25017373900,1733,2012-16,0.5055,0.05
9693,25017374000,14000US25017374000,1734,2012-16,0.4782,0.05
9694,25017374100,14000US25017374100,1735,2012-16,0.4348,0.04
9695,25017374200,14000US25017374200,1736,2012-16,0.4454,0.04
9696,25017374300,14000US25017374300,1737,2012-16,0.4296,0.04
9697,25017374400,14000US25017374400,1738,2012-16,0.5595,0.04
9698,25017374500,14000US25017374500,1739,2012-16,0.4196,0.04
9699,25017374600,14000US25017374600,1740,2012-16,0.3939,0.04
9700,25017374700,14000US25017374700,1741,2012-16,0.4005,0.05
9701,25017374800,14000US25017374800,1742,2012-16,0.5058,0.05
9702,25017382100,14000US25017382100,1743,2012-16,0.3543,0.03
9703,25017382200,14000US25017382200,1744,2012-16,0.3629,0.03
9704,25017382300,14000US25017382300,1745,2012-16,0.4632,0.05
9705,25017382400,14000US25017382400,1746,2012-16,0.4745,0.03
9706,25017382500,14000US25017382500,1747,2012-16,0.3781,0.03
9707,25017382601,14000US25017382601,1748,2012-16,0.4671,0.07
9708,25017382602,14000US25017382602,1749,2012-16,0.4596,0.04
9709,25017383101,14000US25017383101,1750,2012-16,0.5353,0.06
9710,25017383102,14000US25017383102,1751,2012-16,0.4182,0.03
9711,25017383200,14000US25017383200,1752,2012-16,0.3927,0.05
9712,25017383300,14000US25017383300,1753,2012-16,0.4597,0.07
9713,25017383400,14000US25017383400,1754,2012-16,0.4043,0.05
9714,25017383501,14000US25017383501,1755,2012-16,0.49,0.04
9715,25017383502,14000US25017383502,1756,2012-16,0.441,0.04
9716,25017383600,14000US25017383600,1757,2012-16,0.466,0.06
9717,25017383700,14000US25017383700,1758,2012-16,0.4179,0.05
9718,25017383800,14000US25017383800,1759,2012-16,0.3534,0.04
9719,25017383901,14000US25017383901,1760,2012-16,0.3528,0.03
9720,25017383902,14000US25017383902,1761,2012-16,0.389,0.03
9721,25017384001,14000US25017384001,1762,2012-16,0.3951,0.08
9722,25017384002,14000US25017384002,1763,2012-16,0.4824,0.05
9723,25017385100,14000US25017385100,1764,2012-16,0.4146,0.06
9724,25017385201,14000US25017385201,1765,2012-16,0.4296,0.04
9725,25017385202,14000US25017385202,1766,2012-16,0.3917,0.03
9726,25017386100,14000US25017386100,1767,2012-16,0.4604,0.04
9727,25017387100,14000US25017387100,1768,2012-16,0.4033,0.04
9728,25017387201,14000US25017387201,1769,2012-16,0.4154,0.04
9729,25017387202,14000US25017387202,1770,2012-16,0.4067,0.05
9730,25017388100,14000US25017388100,1771,2012-16,0.4346,0.03
9731,25017388200,14000US25017388200,1772,2012-16,0.438,0.06
9732,25017388300,14000US25017388300,1773,2012-16,0.5854,0.03
9733,25017980000,14000US25017980000,1774,2012-16,0,0
9734,25019950100,14000US25019950100,1775,2012-16,0.5903,0.07
9735,25019950200,14000US25019950200,1776,2012-16,0.4292,0.08
9736,25019950307,14000US25019950307,1777,2012-16,0.3894,0.09
9737,25019950400,14000US25019950400,1778,2012-16,0.3876,0.07
9738,25019950500,14000US25019950500,1779,2012-16,0.4661,0.09
9739,25019990000,14000US25019990000,1780,2012-16,0,0
9740,25021400100,14000US25021400100,1781,2012-16,0.5192,0.06
9741,25021400200,14000US25021400200,1782,2012-16,0.5931,0.05
9742,25021400300,14000US25021400300,1783,2012-16,0.4301,0.04
9743,25021400400,14000US25021400400,1784,2012-16,0.5568,0.05
9744,25021400500,14000US25021400500,1785,2012-16,0.4203,0.04
9745,25021400600,14000US25021400600,1786,2012-16,0.5345,0.06
9746,25021400700,14000US25021400700,1787,2012-16,0.4121,0.04
9747,25021400800,14000US25021400800,1788,2012-16,0.4507,0.06
9748,25021400900,14000US25021400900,1789,2012-16,0.5468,0.05
9749,25021401000,14000US25021401000,1790,2012-16,0.502,0.05
9750,25021401100,14000US25021401100,1791,2012-16,0.5307,0.03
9751,25021401200,14000US25021401200,1792,2012-16,0.4763,0.05
9752,25021402101,14000US25021402101,1793,2012-16,0.4564,0.05
9753,25021402102,14000US25021402102,1794,2012-16,0.4405,0.04
9754,25021402200,14000US25021402200,1795,2012-16,0.3836,0.03
9755,25021402300,14000US25021402300,1796,2012-16,0.3633,0.04
9756,25021402400,14000US25021402400,1797,2012-16,0.4234,0.04
9757,25021402500,14000US25021402500,1798,2012-16,0.5167,0.04
9758,25021403100,14000US25021403100,1799,2012-16,0.4319,0.05
9759,25021403300,14000US25021403300,1800,2012-16,0.4617,0.04
9760,25021403400,14000US25021403400,1801,2012-16,0.5376,0.04
9761,25021403500,14000US25021403500,1802,2012-16,0.4332,0.07
9762,25021404100,14000US25021404100,1803,2012-16,0.5047,0.04
9763,25021404201,14000US25021404201,1804,2012-16,0.5153,0.04
9764,25021404202,14000US25021404202,1805,2012-16,0.5312,0.07
9765,25021404301,14000US25021404301,1806,2012-16,0.4949,0.04
9766,25021404302,14000US25021404302,1807,2012-16,0.4236,0.04
9767,25021404400,14000US25021404400,1808,2012-16,0.5358,0.04
9768,25021405100,14000US25021405100,1809,2012-16,0.4926,0.03
9769,25021406101,14000US25021406101,1810,2012-16,0.4753,0.03
9770,25021406102,14000US25021406102,1811,2012-16,0.4476,0.04
9771,25021407100,14000US25021407100,1812,2012-16,0.4204,0.05
9772,25021408101,14000US25021408101,1813,2012-16,0.3926,0.03
9773,25021408102,14000US25021408102,1814,2012-16,0.3966,0.03
9774,25021409101,14000US25021409101,1815,2012-16,0.3978,0.04
9775,25021409102,14000US25021409102,1816,2012-16,0.3878,0.04
9776,25021410100,14000US25021410100,1817,2012-16,0.4965,0.06
9777,25021410300,14000US25021410300,1818,2012-16,0.3803,0.05
9778,25021410400,14000US25021410400,1819,2012-16,0.3829,0.05
9779,25021411100,14000US25021411100,1820,2012-16,0.4062,0.03
9780,25021411200,14000US25021411200,1821,2012-16,0.4191,0.05
9781,25021411301,14000US25021411301,1822,2012-16,0.4892,0.05
9782,25021411302,14000US25021411302,1823,2012-16,0.4346,0.03
9783,25021412100,14000US25021412100,1824,2012-16,0.3964,0.05
9784,25021412200,14000US25021412200,1825,2012-16,0.5258,0.05
9785,25021412300,14000US25021412300,1826,2012-16,0.4625,0.04
9786,25021413100,14000US25021413100,1827,2012-16,0.476,0.08
9787,25021413200,14000US25021413200,1828,2012-16,0.4362,0.04
9788,25021413300,14000US25021413300,1829,2012-16,0.3495,0.03
9789,25021413401,14000US25021413401,1830,2012-16,0.4701,0.06
9790,25021413402,14000US25021413402,1831,2012-16,0.3965,0.06
9791,25021413500,14000US25021413500,1832,2012-16,0.4037,0.06
9792,25021414100,14000US25021414100,1833,2012-16,0.4018,0.04
9793,25021414200,14000US25021414200,1834,2012-16,0.4354,0.04
9794,25021414300,14000US25021414300,1835,2012-16,0.4697,0.04
9795,25021415101,14000US25021415101,1836,2012-16,0.4284,0.04
9796,25021415102,14000US25021415102,1837,2012-16,0.4208,0.04
9797,25021415200,14000US25021415200,1838,2012-16,0.4443,0.05
9798,25021415300,14000US25021415300,1839,2012-16,0.4521,0.05
9799,25021416101,14000US25021416101,1840,2012-16,0.4455,0.05
9800,25021416102,14000US25021416102,1841,2012-16,0.4964,0.04
9801,25021416200,14000US25021416200,1842,2012-16,0.4158,0.06
9802,25021416300,14000US25021416300,1843,2012-16,0.4811,0.04
9803,25021416400,14000US25021416400,1844,2012-16,0.4179,0.04
9804,25021417100,14000US25021417100,1845,2012-16,0.3973,0.03
9805,25021417200,14000US25021417200,1846,2012-16,0.4445,0.05
9806,25021417300,14000US25021417300,1847,2012-16,0.4729,0.05
9807,25021417400,14000US25021417400,1848,2012-16,0.4037,0.04
9808,25021417501,14000US25021417501,1849,2012-16,0.3664,0.05
9809,25021417502,14000US25021417502,1850,2012-16,0.3817,0.04
9810,25021417601,14000US25021417601,1851,2012-16,0.3929,0.05
9811,25021417602,14000US25021417602,1852,2012-16,0.4169,0.04
9812,25021417701,14000US25021417701,1853,2012-16,0.4498,0.06
9813,25021417702,14000US25021417702,1854,2012-16,0.3463,0.04
9814,25021417801,14000US25021417801,1855,2012-16,0.4362,0.05
9815,25021417802,14000US25021417802,1856,2012-16,0.5448,0.03
9816,25021417901,14000US25021417901,1857,2012-16,0.4748,0.05
9817,25021417902,14000US25021417902,1858,2012-16,0.3961,0.04
9818,25021418002,14000US25021418002,1859,2012-16,0.3987,0.04
9819,25021418003,14000US25021418003,1860,2012-16,0.3664,0.04
9820,25021418004,14000US25021418004,1861,2012-16,0.3955,0.04
9821,25021418101,14000US25021418101,1862,2012-16,0.4884,0.04
9822,25021418102,14000US25021418102,1863,2012-16,0.4573,0.08
9823,25021418200,14000US25021418200,1864,2012-16,0.3621,0.05
9824,25021419100,14000US25021419100,1865,2012-16,0.3848,0.04
9825,25021419200,14000US25021419200,1866,2012-16,0.3976,0.04
9826,25021419300,14000US25021419300,1867,2012-16,0.4749,0.04
9827,25021419400,14000US25021419400,1868,2012-16,0.4431,0.04
9828,25021419500,14000US25021419500,1869,2012-16,0.3987,0.07
9829,25021419600,14000US25021419600,1870,2012-16,0.3779,0.04
9830,25021419700,14000US25021419700,1871,2012-16,0.4649,0.05
9831,25021419800,14000US25021419800,1872,2012-16,0.3948,0.06
9832,25021420100,14000US25021420100,1873,2012-16,0.4126,0.05
9833,25021420201,14000US25021420201,1874,2012-16,0.4531,0.06
9834,25021420202,14000US25021420202,1875,2012-16,0.3633,0.04
9835,25021420301,14000US25021420301,1876,2012-16,0.4597,0.06
9836,25021420302,14000US25021420302,1877,2012-16,0.4345,0.05
9837,25021421100,14000US25021421100,1878,2012-16,0.3833,0.05
9838,25021421200,14000US25021421200,1879,2012-16,0.4185,0.04
9839,25021422100,14000US25021422100,1880,2012-16,0.3935,0.03
9840,25021422200,14000US25021422200,1881,2012-16,0.3834,0.04
9841,25021422301,14000US25021422301,1882,2012-16,0.38,0.07
9842,25021422302,14000US25021422302,1883,2012-16,0.3495,0.03
9843,25021422400,14000US25021422400,1884,2012-16,0.4461,0.03
9844,25021422501,14000US25021422501,1885,2012-16,0.5087,0.08
9845,25021422502,14000US25021422502,1886,2012-16,0.4673,0.07
9846,25021422600,14000US25021422600,1887,2012-16,0.418,0.03
9847,25021422700,14000US25021422700,1888,2012-16,0.3914,0.04
9848,25021422800,14000US25021422800,1889,2012-16,0.3654,0.03
9849,25021423100,14000US25021423100,1890,2012-16,0.504,0.04
9850,25021440100,14000US25021440100,1891,2012-16,0.3835,0.04
9851,25021441202,14000US25021441202,1892,2012-16,0.39,0.04
9852,25021441203,14000US25021441203,1893,2012-16,0.4384,0.05
9853,25021441204,14000US25021441204,1894,2012-16,0.439,0.04
9854,25021442101,14000US25021442101,1895,2012-16,0.3716,0.04
9855,25021442102,14000US25021442102,1896,2012-16,0.3591,0.03
9856,25021442103,14000US25021442103,1897,2012-16,0.3771,0.03
9857,25021442201,14000US25021442201,1898,2012-16,0.4582,0.06
9858,25021442202,14000US25021442202,1899,2012-16,0.4891,0.04
9859,25021443101,14000US25021443101,1900,2012-16,0.4163,0.05
9860,25021443102,14000US25021443102,1901,2012-16,0.4298,0.06
9861,25021456101,14000US25021456101,1902,2012-16,0.3511,0.05
9862,25021456102,14000US25021456102,1903,2012-16,0.433,0.04
9863,25021456200,14000US25021456200,1904,2012-16,0.3675,0.03
9864,25021456301,14000US25021456301,1905,2012-16,0.4624,0.07
9865,25021456302,14000US25021456302,1906,2012-16,0.4443,0.04
9866,25021456401,14000US25021456401,1907,2012-16,0.3718,0.05
9867,25021456402,14000US25021456402,1908,2012-16,0.3451,0.05
9868,25021457100,14000US25021457100,1909,2012-16,0.3994,0.04
9869,25021457200,14000US25021457200,1910,2012-16,0.4313,0.05
9870,25023500101,14000US25023500101,1911,2012-16,0.4346,0.04
9871,25023500103,14000US25023500103,1912,2012-16,0.4238,0.04
9872,25023500104,14000US25023500104,1913,2012-16,0.4401,0.07
9873,25023501101,14000US25023501101,1914,2012-16,0.5552,0.04
9874,25023501102,14000US25023501102,1915,2012-16,0.4783,0.03
9875,25023501201,14000US25023501201,1916,2012-16,0.4483,0.04
9876,25023501202,14000US25023501202,1917,2012-16,0.523,0.04
9877,25023502101,14000US25023502101,1918,2012-16,0.3483,0.03
9878,25023502102,14000US25023502102,1919,2012-16,0.417,0.06
9879,25023502200,14000US25023502200,1920,2012-16,0.4024,0.04
9880,25023503101,14000US25023503101,1921,2012-16,0.4404,0.04
9881,25023503102,14000US25023503102,1922,2012-16,0.4395,0.05
9882,25023504101,14000US25023504101,1923,2012-16,0.4581,0.04
9883,25023504102,14000US25023504102,1924,2012-16,0.4231,0.04
9884,25023505101,14000US25023505101,1925,2012-16,0.4312,0.04
9885,25023505102,14000US25023505102,1926,2012-16,0.4264,0.04
9886,25023505200,14000US25023505200,1927,2012-16,0.4607,0.03
9887,25023506101,14000US25023506101,1928,2012-16,0.3927,0.05
9888,25023506102,14000US25023506102,1929,2012-16,0.4948,0.06
9889,25023506202,14000US25023506202,1930,2012-16,0.4151,0.04
9890,25023506203,14000US25023506203,1931,2012-16,0.4285,0.03
9891,25023506204,14000US25023506204,1932,2012-16,0.3703,0.05
9892,25023507101,14000US25023507101,1933,2012-16,0.3905,0.04
9893,25023507103,14000US25023507103,1934,2012-16,0.5074,0.06
9894,25023507104,14000US25023507104,1935,2012-16,0.3768,0.03
9895,25023508101,14000US25023508101,1936,2012-16,0.3741,0.06
9896,25023508102,14000US25023508102,1937,2012-16,0.3713,0.03
9897,25023508200,14000US25023508200,1938,2012-16,0.3471,0.04
9898,25023509101,14000US25023509101,1939,2012-16,0.3872,0.04
9899,25023509102,14000US25023509102,1940,2012-16,0.3736,0.04
9900,25023510100,14000US25023510100,1941,2012-16,0.334,0.03
9901,25023510200,14000US25023510200,1942,2012-16,0.371,0.05
9902,25023510300,14000US25023510300,1943,2012-16,0.4326,0.05
9903,25023510400,14000US25023510400,1944,2012-16,0.5289,0.1
9904,25023510501,14000US25023510501,1945,2012-16,0.3578,0.06
9905,25023510502,14000US25023510502,1946,2012-16,0.4616,0.04
9906,25023510503,14000US25023510503,1947,2012-16,0.4286,0.03
9907,25023510600,14000US25023510600,1948,2012-16,0.395,0.06
9908,25023510700,14000US25023510700,1949,2012-16,0.4523,0.05
9909,25023510800,14000US25023510800,1950,2012-16,0.5066,0.05
9910,25023510900,14000US25023510900,1951,2012-16,0.4772,0.03
9911,25023511000,14000US25023511000,1952,2012-16,0.413,0.05
9912,25023511100,14000US25023511100,1953,2012-16,0.3426,0.04
9913,25023511200,14000US25023511200,1954,2012-16,0.4468,0.03
9914,25023511301,14000US25023511301,1955,2012-16,0.3982,0.04
9915,25023511302,14000US25023511302,1956,2012-16,0.468,0.13
9916,25023511400,14000US25023511400,1957,2012-16,0.4163,0.05
9917,25023511500,14000US25023511500,1958,2012-16,0.4326,0.05
9918,25023511600,14000US25023511600,1959,2012-16,0.4566,0.04
9919,25023511701,14000US25023511701,1960,2012-16,0.3235,0.03
9920,25023511702,14000US25023511702,1961,2012-16,0.3308,0.03
9921,25023520100,14000US25023520100,1962,2012-16,0.3332,0.03
9922,25023520201,14000US25023520201,1963,2012-16,0.3846,0.04
9923,25023520202,14000US25023520202,1964,2012-16,0.4381,0.07
9924,25023521101,14000US25023521101,1965,2012-16,0.3633,0.03
9925,25023521102,14000US25023521102,1966,2012-16,0.3456,0.04
9926,25023521201,14000US25023521201,1967,2012-16,0.4434,0.05
9927,25023521202,14000US25023521202,1968,2012-16,0.3891,0.05
9928,25023522101,14000US25023522101,1969,2012-16,0.3145,0.03
9929,25023522102,14000US25023522102,1970,2012-16,0.3588,0.03
9930,25023523100,14000US25023523100,1971,2012-16,0.3574,0.05
9931,25023523201,14000US25023523201,1972,2012-16,0.4025,0.07
9932,25023523202,14000US25023523202,1973,2012-16,0.3734,0.02
9933,25023524101,14000US25023524101,1974,2012-16,0.3379,0.04
9934,25023524102,14000US25023524102,1975,2012-16,0.4062,0.03
9935,25023525101,14000US25023525101,1976,2012-16,0.4105,0.03
9936,25023525104,14000US25023525104,1977,2012-16,0.477,0.15
9937,25023525203,14000US25023525203,1978,2012-16,0.4005,0.04
9938,25023525204,14000US25023525204,1979,2012-16,0.345,0.04
9939,25023525300,14000US25023525300,1980,2012-16,0,0
9940,25023526100,14000US25023526100,1981,2012-16,0.3653,0.03
9941,25023530100,14000US25023530100,1982,2012-16,0.4652,0.05
9942,25023530200,14000US25023530200,1983,2012-16,0.5055,0.06
9943,25023530300,14000US25023530300,1984,2012-16,0.4412,0.04
9944,25023530400,14000US25023530400,1985,2012-16,0.3693,0.04
9945,25023530500,14000US25023530500,1986,2012-16,0.5244,0.08
9946,25023530600,14000US25023530600,1987,2012-16,0.4031,0.04
9947,25023530700,14000US25023530700,1988,2012-16,0.4406,0.04
9948,25023530801,14000US25023530801,1989,2012-16,0.3726,0.04
9949,25023530802,14000US25023530802,1990,2012-16,0.3706,0.03
9950,25023530901,14000US25023530901,1991,2012-16,0.321,0.03
9951,25023530902,14000US25023530902,1992,2012-16,0.3499,0.04
9952,25023540101,14000US25023540101,1993,2012-16,0.4481,0.04
9953,25023540102,14000US25023540102,1994,2012-16,0.3568,0.05
9954,25023540103,14000US25023540103,1995,2012-16,0.3724,0.07
9955,25023541100,14000US25023541100,1996,2012-16,0.3535,0.03
9956,25023542101,14000US25023542101,1997,2012-16,0.3368,0.03
9957,25023542102,14000US25023542102,1998,2012-16,0.3924,0.04
9958,25023542200,14000US25023542200,1999,2012-16,0.3924,0.06
9959,25023542300,14000US25023542300,2000,2012-16,0.3947,0.04
9960,25023543100,14000US25023543100,2001,2012-16,0.3372,0.03
9961,25023544100,14000US25023544100,2002,2012-16,0.3396,0.06
9962,25023544200,14000US25023544200,2003,2012-16,0.3866,0.04
9963,25023545100,14000US25023545100,2004,2012-16,0.3714,0.03
9964,25023545200,14000US25023545200,2005,2012-16,0.3622,0.05
9965,25023545300,14000US25023545300,2006,2012-16,0.3927,0.06
9966,25023545400,14000US25023545400,2007,2012-16,0.4382,0.05
9967,25023560100,14000US25023560100,2008,2012-16,0.4277,0.08
9968,25023561100,14000US25023561100,2009,2012-16,0.5307,0.04
9969,25023561200,14000US25023561200,2010,2012-16,0.5575,0.07
9970,25023990003,14000US25023990003,2011,2012-16,0,0
9971,25025000100,14000US25025000100,2012,2012-16,0.442,0.04
9972,25025000201,14000US25025000201,2013,2012-16,0.405,0.04
9973,25025000202,14000US25025000202,2014,2012-16,0.4588,0.05
9974,25025000301,14000US25025000301,2015,2012-16,0.3792,0.05
9975,25025000302,14000US25025000302,2016,2012-16,0.4542,0.07
9976,25025000401,14000US25025000401,2017,2012-16,0.5517,0.05
9977,25025000402,14000US25025000402,2018,2012-16,0.4447,0.04
9978,25025000502,14000US25025000502,2019,2012-16,0.5076,0.06
9979,25025000503,14000US25025000503,2020,2012-16,0.459,0.06
9980,25025000504,14000US25025000504,2021,2012-16,0.4701,0.04
9981,25025000601,14000US25025000601,2022,2012-16,0.4487,0.06
9982,25025000602,14000US25025000602,2023,2012-16,0.608,0.11
9983,25025000701,14000US25025000701,2024,2012-16,0.4682,0.04
9984,25025000703,14000US25025000703,2025,2012-16,0.5004,0.05
9985,25025000704,14000US25025000704,2026,2012-16,0.462,0.04
9986,25025000802,14000US25025000802,2027,2012-16,0.5656,0.06
9987,25025000803,14000US25025000803,2028,2012-16,0.4771,0.05
9988,25025010103,14000US25025010103,2029,2012-16,0.6228,0.08
9989,25025010104,14000US25025010104,2030,2012-16,0.574,0.05
9990,25025010203,14000US25025010203,2031,2012-16,0.644,0.07
9991,25025010204,14000US25025010204,2032,2012-16,0.6375,0.07
9992,25025010300,14000US25025010300,2033,2012-16,0.448,0.06
9993,25025010403,14000US25025010403,2034,2012-16,0.6098,0.05
9994,25025010404,14000US25025010404,2035,2012-16,0.5851,0.05
9995,25025010405,14000US25025010405,2036,2012-16,0.5112,0.04
9996,25025010408,14000US25025010408,2037,2012-16,0.4059,0.04
9997,25025010500,14000US25025010500,2038,2012-16,0.5425,0.05
9998,25025010600,14000US25025010600,2039,2012-16,0.5625,0.04
9999,25025010701,14000US25025010701,2040,2012-16,0.4866,0.04
10000,25025010702,14000US25025010702,2041,2012-16,0.5645,0.05
10001,25025010801,14000US25025010801,2042,2012-16,0.6094,0.04
10002,25025010802,14000US25025010802,2043,2012-16,0.5489,0.04
10003,25025020101,14000US25025020101,2044,2012-16,0.5587,0.07
10004,25025020200,14000US25025020200,2045,2012-16,0.5349,0.05
10005,25025020301,14000US25025020301,2046,2012-16,0.5272,0.07
10006,25025020302,14000US25025020302,2047,2012-16,0.4827,0.06
10007,25025020303,14000US25025020303,2048,2012-16,0.535,0.05
10008,25025030100,14000US25025030100,2049,2012-16,0.4265,0.04
10009,25025030200,14000US25025030200,2050,2012-16,0.4261,0.06
10010,25025030300,14000US25025030300,2051,2012-16,0.5786,0.05
10011,25025030400,14000US25025030400,2052,2012-16,0.4713,0.04
10012,25025030500,14000US25025030500,2053,2012-16,0.5109,0.05
10013,25025040100,14000US25025040100,2054,2012-16,0.4474,0.06
10014,25025040200,14000US25025040200,2055,2012-16,0.5957,0.05
10015,25025040300,14000US25025040300,2056,2012-16,0.4921,0.04
10016,25025040401,14000US25025040401,2057,2012-16,0.5081,0.04
10017,25025040600,14000US25025040600,2058,2012-16,0.3825,0.04
10018,25025040801,14000US25025040801,2059,2012-16,0.6382,0.04
10019,25025050101,14000US25025050101,2060,2012-16,0.4524,0.04
10020,25025050200,14000US25025050200,2061,2012-16,0.3766,0.05
10021,25025050300,14000US25025050300,2062,2012-16,0.5206,0.03
10022,25025050400,14000US25025050400,2063,2012-16,0.4706,0.05
10023,25025050500,14000US25025050500,2064,2012-16,0.3855,0.05
10024,25025050600,14000US25025050600,2065,2012-16,0.4308,0.06
10025,25025050700,14000US25025050700,2066,2012-16,0.4113,0.03
10026,25025050901,14000US25025050901,2067,2012-16,0.3899,0.05
10027,25025051000,14000US25025051000,2068,2012-16,0.4631,0.04
10028,25025051101,14000US25025051101,2069,2012-16,0.4406,0.06
10029,25025051200,14000US25025051200,2070,2012-16,0.4514,0.08
10030,25025060101,14000US25025060101,2071,2012-16,0.4244,0.06
10031,25025060200,14000US25025060200,2072,2012-16,0.3874,0.04
10032,25025060301,14000US25025060301,2073,2012-16,0.4411,0.04
10033,25025060400,14000US25025060400,2074,2012-16,0.3851,0.04
10034,25025060501,14000US25025060501,2075,2012-16,0.3983,0.04
10035,25025060600,14000US25025060600,2076,2012-16,0.3665,0.03
10036,25025060700,14000US25025060700,2077,2012-16,0.4561,0.04
10037,25025060800,14000US25025060800,2078,2012-16,0.4244,0.07
10038,25025061000,14000US25025061000,2079,2012-16,0.5641,0.04
10039,25025061101,14000US25025061101,2080,2012-16,0.5882,0.1
10040,25025061200,14000US25025061200,2081,2012-16,0.4502,0.04
10041,25025070101,14000US25025070101,2082,2012-16,0.661,0.05
10042,25025070200,14000US25025070200,2083,2012-16,0.71,0.06
10043,25025070300,14000US25025070300,2084,2012-16,0.5088,0.04
10044,25025070402,14000US25025070402,2085,2012-16,0.6088,0.03
10045,25025070500,14000US25025070500,2086,2012-16,0.5832,0.04
10046,25025070600,14000US25025070600,2087,2012-16,0.4686,0.04
10047,25025070700,14000US25025070700,2088,2012-16,0.5551,0.04
10048,25025070800,14000US25025070800,2089,2012-16,0.5222,0.06
10049,25025070900,14000US25025070900,2090,2012-16,0.5606,0.04
10050,25025071101,14000US25025071101,2091,2012-16,0.5967,0.05
10051,25025071201,14000US25025071201,2092,2012-16,0.6452,0.08
10052,25025080100,14000US25025080100,2093,2012-16,0.4462,0.04
10053,25025080300,14000US25025080300,2094,2012-16,0.543,0.1
10054,25025080401,14000US25025080401,2095,2012-16,0.5474,0.06
10055,25025080500,14000US25025080500,2096,2012-16,0.5383,0.07
10056,25025080601,14000US25025080601,2097,2012-16,0.551,0.05
10057,25025080801,14000US25025080801,2098,2012-16,0.4624,0.06
10058,25025080900,14000US25025080900,2099,2012-16,0.4411,0.04
10059,25025081001,14000US25025081001,2100,2012-16,0.5827,0.05
10060,25025081100,14000US25025081100,2101,2012-16,0.5497,0.04
10061,25025081200,14000US25025081200,2102,2012-16,0.5137,0.04
10062,25025081300,14000US25025081300,2103,2012-16,0.5544,0.05
10063,25025081400,14000US25025081400,2104,2012-16,0.514,0.04
10064,25025081500,14000US25025081500,2105,2012-16,0.5365,0.06
10065,25025081700,14000US25025081700,2106,2012-16,0.5771,0.08
10066,25025081800,14000US25025081800,2107,2012-16,0.4961,0.06
10067,25025081900,14000US25025081900,2108,2012-16,0.5558,0.05
10068,25025082000,14000US25025082000,2109,2012-16,0.518,0.05
10069,25025082100,14000US25025082100,2110,2012-16,0.6012,0.07
10070,25025090100,14000US25025090100,2111,2012-16,0.5012,0.03
10071,25025090200,14000US25025090200,2112,2012-16,0.4888,0.08
10072,25025090300,14000US25025090300,2113,2012-16,0.5057,0.05
10073,25025090400,14000US25025090400,2114,2012-16,0.4681,0.06
10074,25025090600,14000US25025090600,2115,2012-16,0.4527,0.06
10075,25025090700,14000US25025090700,2116,2012-16,0.4451,0.04
10076,25025090901,14000US25025090901,2117,2012-16,0.5845,0.04
10077,25025091001,14000US25025091001,2118,2012-16,0.431,0.05
10078,25025091100,14000US25025091100,2119,2012-16,0.4274,0.03
10079,25025091200,14000US25025091200,2120,2012-16,0.4632,0.05
10080,25025091300,14000US25025091300,2121,2012-16,0.4841,0.04
10081,25025091400,14000US25025091400,2122,2012-16,0.506,0.09
10082,25025091500,14000US25025091500,2123,2012-16,0.5737,0.13
10083,25025091600,14000US25025091600,2124,2012-16,0.4357,0.07
10084,25025091700,14000US25025091700,2125,2012-16,0.4726,0.04
10085,25025091800,14000US25025091800,2126,2012-16,0.5156,0.09
10086,25025091900,14000US25025091900,2127,2012-16,0.5322,0.06
10087,25025092000,14000US25025092000,2128,2012-16,0.4539,0.04
10088,25025092101,14000US25025092101,2129,2012-16,0.5441,0.08
10089,25025092200,14000US25025092200,2130,2012-16,0.4255,0.05
10090,25025092300,14000US25025092300,2131,2012-16,0.4705,0.05
10091,25025092400,14000US25025092400,2132,2012-16,0.4452,0.05
10092,25025100100,14000US25025100100,2133,2012-16,0.5134,0.04
10093,25025100200,14000US25025100200,2134,2012-16,0.4848,0.05
10094,25025100300,14000US25025100300,2135,2012-16,0.4732,0.06
10095,25025100400,14000US25025100400,2136,2012-16,0.4353,0.04
10096,25025100500,14000US25025100500,2137,2012-16,0.5209,0.07
10097,25025100601,14000US25025100601,2138,2012-16,0.3999,0.04
10098,25025100603,14000US25025100603,2139,2012-16,0.3996,0.04
10099,25025100700,14000US25025100700,2140,2012-16,0.4219,0.04
10100,25025100800,14000US25025100800,2141,2012-16,0.4745,0.04
10101,25025100900,14000US25025100900,2142,2012-16,0.4071,0.04
10102,25025101001,14000US25025101001,2143,2012-16,0.4864,0.06
10103,25025101002,14000US25025101002,2144,2012-16,0.4811,0.05
10104,25025101101,14000US25025101101,2145,2012-16,0.3677,0.04
10105,25025101102,14000US25025101102,2146,2012-16,0.4209,0.05
10106,25025110103,14000US25025110103,2147,2012-16,0.463,0.04
10107,25025110201,14000US25025110201,2148,2012-16,0.4726,0.05
10108,25025110301,14000US25025110301,2149,2012-16,0.3927,0.05
10109,25025110401,14000US25025110401,2150,2012-16,0.4179,0.04
10110,25025110403,14000US25025110403,2151,2012-16,0.4857,0.07
10111,25025110501,14000US25025110501,2152,2012-16,0.3955,0.04
10112,25025110502,14000US25025110502,2153,2012-16,0.415,0.04
10113,25025110601,14000US25025110601,2154,2012-16,0.512,0.07
10114,25025110607,14000US25025110607,2155,2012-16,0.38,0.05
10115,25025120103,14000US25025120103,2156,2012-16,0.4155,0.06
10116,25025120104,14000US25025120104,2157,2012-16,0.4023,0.04
10117,25025120105,14000US25025120105,2158,2012-16,0.4785,0.08
10118,25025120201,14000US25025120201,2159,2012-16,0.4657,0.03
10119,25025120301,14000US25025120301,2160,2012-16,0.4195,0.04
10120,25025120400,14000US25025120400,2161,2012-16,0.4425,0.04
10121,25025120500,14000US25025120500,2162,2012-16,0.4654,0.06
10122,25025120600,14000US25025120600,2163,2012-16,0.3825,0.05
10123,25025120700,14000US25025120700,2164,2012-16,0.4766,0.07
10124,25025130100,14000US25025130100,2165,2012-16,0.3671,0.03
10125,25025130200,14000US25025130200,2166,2012-16,0.4219,0.04
10126,25025130300,14000US25025130300,2167,2012-16,0.3958,0.03
10127,25025130402,14000US25025130402,2168,2012-16,0.4437,0.04
10128,25025130404,14000US25025130404,2169,2012-16,0.4272,0.04
10129,25025130406,14000US25025130406,2170,2012-16,0.469,0.04
10130,25025140102,14000US25025140102,2171,2012-16,0.4205,0.04
10131,25025140105,14000US25025140105,2172,2012-16,0.4189,0.06
10132,25025140106,14000US25025140106,2173,2012-16,0.5039,0.04
10133,25025140107,14000US25025140107,2174,2012-16,0.4721,0.04
10134,25025140201,14000US25025140201,2175,2012-16,0.3408,0.04
10135,25025140202,14000US25025140202,2176,2012-16,0.4464,0.05
10136,25025140300,14000US25025140300,2177,2012-16,0.4211,0.04
10137,25025140400,14000US25025140400,2178,2012-16,0.4212,0.07
10138,25025160101,14000US25025160101,2179,2012-16,0.4506,0.06
10139,25025160200,14000US25025160200,2180,2012-16,0.4108,0.06
10140,25025160300,14000US25025160300,2181,2012-16,0.4353,0.04
10141,25025160400,14000US25025160400,2182,2012-16,0.4291,0.05
10142,25025160501,14000US25025160501,2183,2012-16,0.4545,0.04
10143,25025160502,14000US25025160502,2184,2012-16,0.4439,0.06
10144,25025160601,14000US25025160601,2185,2012-16,0.4515,0.05
10145,25025160602,14000US25025160602,2186,2012-16,0.4314,0.04
10146,25025170100,14000US25025170100,2187,2012-16,0.4319,0.04
10147,25025170200,14000US25025170200,2188,2012-16,0.4506,0.04
10148,25025170300,14000US25025170300,2189,2012-16,0.397,0.03
10149,25025170400,14000US25025170400,2190,2012-16,0.4424,0.05
10150,25025170501,14000US25025170501,2191,2012-16,0.5162,0.09
10151,25025170502,14000US25025170502,2192,2012-16,0.4584,0.05
10152,25025170601,14000US25025170601,2193,2012-16,0.3909,0.03
10153,25025170701,14000US25025170701,2194,2012-16,0.5142,0.08
10154,25025170702,14000US25025170702,2195,2012-16,0.4343,0.06
10155,25025170800,14000US25025170800,2196,2012-16,0.441,0.05
10156,25025180101,14000US25025180101,2197,2012-16,0.5412,0.09
10157,25025180200,14000US25025180200,2198,2012-16,0.4548,0.05
10158,25025180301,14000US25025180301,2199,2012-16,0.4373,0.05
10159,25025180400,14000US25025180400,2200,2012-16,0.38,0.05
10160,25025180500,14000US25025180500,2201,2012-16,0.4508,0.06
10161,25025980101,14000US25025980101,2202,2012-16,0,0
10162,25025980300,14000US25025980300,2203,2012-16,0,0
10163,25025980700,14000US25025980700,2204,2012-16,0.1762,0.1
10164,25025981000,14000US25025981000,2205,2012-16,0,0
10165,25025981100,14000US25025981100,2206,2012-16,0.4227,0.09
10166,25025981201,14000US25025981201,2207,2012-16,0,0
10167,25025981202,14000US25025981202,2208,2012-16,0,0
10168,25025981300,14000US25025981300,2209,2012-16,0.3535,0.06
10169,25025981501,14000US25025981501,2210,2012-16,0,0
10170,25025981502,14000US25025981502,2211,2012-16,0,0
10171,25025981600,14000US25025981600,2212,2012-16,0,0
10172,25025981700,14000US25025981700,2213,2012-16,0,0
10173,25025981800,14000US25025981800,2214,2012-16,0.3888,0.12
10174,25025990101,14000US25025990101,2215,2012-16,0,0
10175,25027700100,14000US25027700100,2216,2012-16,0.3783,0.04
10176,25027701100,14000US25027701100,2217,2012-16,0.3995,0.06
10177,25027702200,14000US25027702200,2218,2012-16,0.3512,0.03
10178,25027703100,14000US25027703100,2219,2012-16,0.4077,0.04
10179,25027703200,14000US25027703200,2220,2012-16,0.4198,0.04
10180,25027703300,14000US25027703300,2221,2012-16,0.3945,0.04
10181,25027704200,14000US25027704200,2222,2012-16,0.3508,0.02
10182,25027705100,14000US25027705100,2223,2012-16,0.4051,0.04
10183,25027706100,14000US25027706100,2224,2012-16,0.3546,0.03
10184,25027707100,14000US25027707100,2225,2012-16,0.4996,0.09
10185,25027707200,14000US25027707200,2226,2012-16,0.4687,0.03
10186,25027707300,14000US25027707300,2227,2012-16,0.4248,0.04
10187,25027707400,14000US25027707400,2228,2012-16,0.3213,0.03
10188,25027707500,14000US25027707500,2229,2012-16,0.4348,0.05
10189,25027708100,14000US25027708100,2230,2012-16,0.3351,0.04
10190,25027709100,14000US25027709100,2231,2012-16,0.4504,0.07
10191,25027709201,14000US25027709201,2232,2012-16,0.412,0.03
10192,25027709202,14000US25027709202,2233,2012-16,0.4305,0.04
10193,25027709400,14000US25027709400,2234,2012-16,0.426,0.03
10194,25027709501,14000US25027709501,2235,2012-16,0.3806,0.05
10195,25027709502,14000US25027709502,2236,2012-16,0.4405,0.07
10196,25027709600,14000US25027709600,2237,2012-16,0.4526,0.08
10197,25027709701,14000US25027709701,2238,2012-16,0.4715,0.08
10198,25027709702,14000US25027709702,2239,2012-16,0.4349,0.04
10199,25027710100,14000US25027710100,2240,2012-16,0.3895,0.05
10200,25027710200,14000US25027710200,2241,2012-16,0.4028,0.03
10201,25027710300,14000US25027710300,2242,2012-16,0.3201,0.03
10202,25027710400,14000US25027710400,2243,2012-16,0.4211,0.05
10203,25027710500,14000US25027710500,2244,2012-16,0.4488,0.03
10204,25027710600,14000US25027710600,2245,2012-16,0.3579,0.05
10205,25027710700,14000US25027710700,2246,2012-16,0.4532,0.03
10206,25027710800,14000US25027710800,2247,2012-16,0.5287,0.1
10207,25027711000,14000US25027711000,2248,2012-16,0.4134,0.04
10208,25027711100,14000US25027711100,2249,2012-16,0.3992,0.03
10209,25027712101,14000US25027712101,2250,2012-16,0.4215,0.04
10210,25027712102,14000US25027712102,2251,2012-16,0.4154,0.09
10211,25027713100,14000US25027713100,2252,2012-16,0.3983,0.07
10212,25027715100,14000US25027715100,2253,2012-16,0.3492,0.04
10213,25027716100,14000US25027716100,2254,2012-16,0.3563,0.03
10214,25027716200,14000US25027716200,2255,2012-16,0.3991,0.05
10215,25027716300,14000US25027716300,2256,2012-16,0.4278,0.04
10216,25027717100,14000US25027717100,2257,2012-16,0.4447,0.04
10217,25027718100,14000US25027718100,2258,2012-16,0.4329,0.04
10218,25027719100,14000US25027719100,2259,2012-16,0.4138,0.04
10219,25027720100,14000US25027720100,2260,2012-16,0.4516,0.05
10220,25027721101,14000US25027721101,2261,2012-16,0.3315,0.03
10221,25027721102,14000US25027721102,2262,2012-16,0.3408,0.03
10222,25027722100,14000US25027722100,2263,2012-16,0.4041,0.05
10223,25027723100,14000US25027723100,2264,2012-16,0.4483,0.04
10224,25027724100,14000US25027724100,2265,2012-16,0.4347,0.06
10225,25027725100,14000US25027725100,2266,2012-16,0.3557,0.03
10226,25027726100,14000US25027726100,2267,2012-16,0.3407,0.05
10227,25027726200,14000US25027726200,2268,2012-16,0.435,0.04
10228,25027727100,14000US25027727100,2269,2012-16,0.3709,0.03
10229,25027728100,14000US25027728100,2270,2012-16,0.4326,0.05
10230,25027728200,14000US25027728200,2271,2012-16,0.3514,0.04
10231,25027728300,14000US25027728300,2272,2012-16,0.3973,0.03
10232,25027728400,14000US25027728400,2273,2012-16,0.3635,0.05
10233,25027729100,14000US25027729100,2274,2012-16,0.4394,0.05
10234,25027729200,14000US25027729200,2275,2012-16,0.3571,0.05
10235,25027730100,14000US25027730100,2276,2012-16,0.4255,0.07
10236,25027730200,14000US25027730200,2277,2012-16,0.4459,0.07
10237,25027730300,14000US25027730300,2278,2012-16,0.3833,0.04
10238,25027730401,14000US25027730401,2279,2012-16,0.4795,0.05
10239,25027730402,14000US25027730402,2280,2012-16,0.4225,0.07
10240,25027730500,14000US25027730500,2281,2012-16,0.4104,0.05
10241,25027730600,14000US25027730600,2282,2012-16,0.4674,0.05
10242,25027730700,14000US25027730700,2283,2012-16,0.4518,0.06
10243,25027730801,14000US25027730801,2284,2012-16,0.4335,0.04
10244,25027730802,14000US25027730802,2285,2012-16,0.4019,0.05
10245,25027730901,14000US25027730901,2286,2012-16,0.4201,0.09
10246,25027730902,14000US25027730902,2287,2012-16,0.3789,0.05
10247,25027731001,14000US25027731001,2288,2012-16,0.3595,0.04
10248,25027731002,14000US25027731002,2289,2012-16,0.5045,0.05
10249,25027731101,14000US25027731101,2290,2012-16,0.5492,0.09
10250,25027731102,14000US25027731102,2291,2012-16,0.4685,0.05
10251,25027731202,14000US25027731202,2292,2012-16,0,0
10252,25027731203,14000US25027731203,2293,2012-16,0.4916,0.04
10253,25027731204,14000US25027731204,2294,2012-16,0.5036,0.06
10254,25027731300,14000US25027731300,2295,2012-16,0.5545,0.07
10255,25027731400,14000US25027731400,2296,2012-16,0.4955,0.04
10256,25027731500,14000US25027731500,2297,2012-16,0.4897,0.08
10257,25027731600,14000US25027731600,2298,2012-16,0.5288,0.05
10258,25027731700,14000US25027731700,2299,2012-16,0.5187,0.06
10259,25027731800,14000US25027731800,2300,2012-16,0.5444,0.06
10260,25027731900,14000US25027731900,2301,2012-16,0.4937,0.05
10261,25027732001,14000US25027732001,2302,2012-16,0.5287,0.07
10262,25027732002,14000US25027732002,2303,2012-16,0.4224,0.07
10263,25027732201,14000US25027732201,2304,2012-16,0.453,0.05
10264,25027732202,14000US25027732202,2305,2012-16,0.4371,0.05
10265,25027732203,14000US25027732203,2306,2012-16,0.4284,0.05
10266,25027732301,14000US25027732301,2307,2012-16,0.3832,0.04
10267,25027732302,14000US25027732302,2308,2012-16,0.4609,0.05
10268,25027732400,14000US25027732400,2309,2012-16,0.5224,0.07
10269,25027732500,14000US25027732500,2310,2012-16,0.4574,0.05
10270,25027732600,14000US25027732600,2311,2012-16,0.4435,0.05
10271,25027732700,14000US25027732700,2312,2012-16,0.4491,0.05
10272,25027732801,14000US25027732801,2313,2012-16,0.4256,0.08
10273,25027732802,14000US25027732802,2314,2012-16,0.3843,0.04
10274,25027732901,14000US25027732901,2315,2012-16,0.4688,0.04
10275,25027732902,14000US25027732902,2316,2012-16,0.1683,0.15
10276,25027733000,14000US25027733000,2317,2012-16,0.4627,0.05
10277,25027733101,14000US25027733101,2318,2012-16,0.3955,0.04
10278,25027733102,14000US25027733102,2319,2012-16,0.3844,0.06
10279,25027735100,14000US25027735100,2320,2012-16,0.4491,0.09
10280,25027735200,14000US25027735200,2321,2012-16,0.3411,0.03
10281,25027736100,14000US25027736100,2322,2012-16,0.4214,0.04
10282,25027736200,14000US25027736200,2323,2012-16,0.4126,0.04
10283,25027736300,14000US25027736300,2324,2012-16,0.3887,0.03
10284,25027736400,14000US25027736400,2325,2012-16,0.3859,0.04
10285,25027736500,14000US25027736500,2326,2012-16,0.4107,0.03
10286,25027737100,14000US25027737100,2327,2012-16,0.4324,0.04
10287,25027737200,14000US25027737200,2328,2012-16,0.4015,0.03
10288,25027737300,14000US25027737300,2329,2012-16,0.3644,0.03
10289,25027738100,14000US25027738100,2330,2012-16,0.4502,0.04
10290,25027738201,14000US25027738201,2331,2012-16,0.4175,0.03
10291,25027738202,14000US25027738202,2332,2012-16,0.4241,0.03
10292,25027739100,14000US25027739100,2333,2012-16,0.4213,0.04
10293,25027739200,14000US25027739200,2334,2012-16,0.3824,0.04
10294,25027739300,14000US25027739300,2335,2012-16,0.3727,0.04
10295,25027739400,14000US25027739400,2336,2012-16,0.4246,0.05
10296,25027739500,14000US25027739500,2337,2012-16,0.3929,0.04
10297,25027740101,14000US25027740101,2338,2012-16,0.3565,0.03
10298,25027740102,14000US25027740102,2339,2012-16,0.4335,0.08
10299,25027740200,14000US25027740200,2340,2012-16,0.4218,0.04
10300,25027741101,14000US25027741101,2341,2012-16,0.448,0.04
10301,25027741102,14000US25027741102,2342,2012-16,0.4315,0.03
10302,25027742300,14000US25027742300,2343,2012-16,0.4294,0.03
10303,25027742401,14000US25027742401,2344,2012-16,0.3386,0.04
10304,25027742402,14000US25027742402,2345,2012-16,0.325,0.04
10305,25027743100,14000US25027743100,2346,2012-16,0.3787,0.03
10306,25027744101,14000US25027744101,2347,2012-16,0.3885,0.03
10307,25027744102,14000US25027744102,2348,2012-16,0.3982,0.03
10308,25027744200,14000US25027744200,2349,2012-16,0.4092,0.05
10309,25027744300,14000US25027744300,2350,2012-16,0.4365,0.08
10310,25027744400,14000US25027744400,2351,2012-16,0.3551,0.04
10311,25027745100,14000US25027745100,2352,2012-16,0.3836,0.04
10312,25027746100,14000US25027746100,2353,2012-16,0.3715,0.05
10313,25027747101,14000US25027747101,2354,2012-16,0.3519,0.03
10314,25027747102,14000US25027747102,2355,2012-16,0.3789,0.03
10315,25027748100,14000US25027748100,2356,2012-16,0.3759,0.03
10316,25027749100,14000US25027749100,2357,2012-16,0.3403,0.04
10317,25027749200,14000US25027749200,2358,2012-16,0.3839,0.04
10318,25027750100,14000US25027750100,2359,2012-16,0.4215,0.05
10319,25027750200,14000US25027750200,2360,2012-16,0.4513,0.06
10320,25027750300,14000US25027750300,2361,2012-16,0.4656,0.04
10321,25027751101,14000US25027751101,2362,2012-16,0.3499,0.03
10322,25027751102,14000US25027751102,2363,2012-16,0.3254,0.04
10323,25027752100,14000US25027752100,2364,2012-16,0.3441,0.03
10324,25027753100,14000US25027753100,2365,2012-16,0.3826,0.04
10325,25027753200,14000US25027753200,2366,2012-16,0.4057,0.03
10326,25027754100,14000US25027754100,2367,2012-16,0.3907,0.04
10327,25027754200,14000US25027754200,2368,2012-16,0.4534,0.04
10328,25027754300,14000US25027754300,2369,2012-16,0.3375,0.04
10329,25027754400,14000US25027754400,2370,2012-16,0.4243,0.06
10330,25027755100,14000US25027755100,2371,2012-16,0.4176,0.04
10331,25027755200,14000US25027755200,2372,2012-16,0.4362,0.03
10332,25027756101,14000US25027756101,2373,2012-16,0.3976,0.03
10333,25027756102,14000US25027756102,2374,2012-16,0.3738,0.04
10334,25027757100,14000US25027757100,2375,2012-16,0.3842,0.04
10335,25027757200,14000US25027757200,2376,2012-16,0.3988,0.04
10336,25027757300,14000US25027757300,2377,2012-16,0.3878,0.04
10337,25027757400,14000US25027757400,2378,2012-16,0.3959,0.06
10338,25027757500,14000US25027757500,2379,2012-16,0.3631,0.04
10339,25027758101,14000US25027758101,2380,2012-16,0.3865,0.03
10340,25027758102,14000US25027758102,2381,2012-16,0.4515,0.05
10341,25027759100,14000US25027759100,2382,2012-16,0.3788,0.04
10342,25027760100,14000US25027760100,2383,2012-16,0.4216,0.03
10343,25027761100,14000US25027761100,2384,2012-16,0.404,0.05
10344,25027761200,14000US25027761200,2385,2012-16,0.3922,0.04
10345,25027761300,14000US25027761300,2386,2012-16,0.3924,0.04
10346,25027761400,14000US25027761400,2387,2012-16,0.4205,0.04
